url,slug,name,price_dkk
https://www.lidl.dk/p/paagen-kanelgifler/p10029423,paagen-kanelgifler,,
https://www.lidl.dk/p/parkside-multimeter-eller-stroemmaaleadapter/p10029615,parkside-multimeter-eller-stroemmaaleadapter,PARKSIDE® Multimeter eller strømmåleadapter,99
https://www.lidl.dk/p/crownfield-cornflakes/p65498,crownfield-cornflakes,Crownfield cornflakes,"30,33"
https://www.lidl.dk/p/santa-maria-tex-mex/p10029401,santa-maria-tex-mex,,
https://www.lidl.dk/p/rose-hot-wings/p10029531,rose-hot-wings,ROSE Hot wings,99
https://www.lidl.dk/p/chile-chardonnay/p120714,chile-chardonnay,Chile Chardonnay,"30,33"
https://www.lidl.dk/p/favorina-paaskehare/p10029556,favorina-paaskehare,FAVORINA Påskehare,35
https://www.lidl.dk/p/sekt-halvtoer/p10015698,sekt-halvtoer,Sekt halvtør,"30,33"
https://www.lidl.dk/p/italiamo-pizza/p10029562,italiamo-pizza,ITALIAMO Pizza,"25,-"
https://www.lidl.dk/p/corny-myslibarer/p10029541,corny-myslibarer,CORNY Myslibarer,18
https://www.lidl.dk/p/snack-day-grovchips/p10029249,snack-day-grovchips,,
https://www.lidl.dk/p/pinot-grigio-delle-venezie-igp/p10000016,pinot-grigio-delle-venezie-igp,Pinot Grigio delle Venezie IGP,"30,33"
https://www.lidl.dk/p/parkside-vde-skruetraekker-4-v/p10029613,parkside-vde-skruetraekker-4-v,PARKSIDE® VDE-skruetrækker 4 V,129
https://www.lidl.dk/p/australsk-chardonnay/p34496,australsk-chardonnay,Australsk Chardonnay,"30,33"
https://www.lidl.dk/p/alpenfest-stenovnspizza/p10029296,alpenfest-stenovnspizza,,
https://www.lidl.dk/p/focaccia-med-pepperoni-og-ost/p6503360,focaccia-med-pepperoni-og-ost,Focaccia med pepperoni og ost,"30,33"
https://www.lidl.dk/p/solsikkerugbroed/p6511858,solsikkerugbroed,Solsikkerugbrød,"30,33"
https://www.lidl.dk/p/crownfield-sproed-mysli/p10029540,crownfield-sproed-mysli,CROWNFIELD Sprød mysli,20
https://www.lidl.dk/p/cafepause/p10000163,cafepause,Cafépause,149
https://www.lidl.dk/p/vitasia-kyllingeret-med-teriyaki/p10029520,vitasia-kyllingeret-med-teriyaki,VITASIA Kyllingeret med teriyaki,30
https://www.lidl.dk/p/jes-collection-koekkenartikler/p10029367,jes-collection-koekkenartikler,,
https://www.lidl.dk/p/hipsters-eller-ribtrusser-med-blonder-til-kvinder/p10029637,hipsters-eller-ribtrusser-med-blonder-til-kvinder,Hipsters eller ribtrusser med blonder til kvinder,59
https://www.lidl.dk/p/alpenfest-kaiserschmarrn-eller-aeblekage/p10029280,alpenfest-kaiserschmarrn-eller-aeblekage,,
https://www.lidl.dk/p/chef-select-smoothie/p10029420,chef-select-smoothie,,
https://www.lidl.dk/p/combino-tagliatelle-pasta-med-aeg-sk4/p10025481,combino-tagliatelle-pasta-med-aeg-sk4,Combino Tagliatelle pasta med æg SK4,14.95
https://www.lidl.dk/p/aromata-bagepapir-i-ark-38x42cm/p10025531,aromata-bagepapir-i-ark-38x42cm,Aromata Bagepapir i ark 38x42cm,9.95
https://www.lidl.dk/p/madvaerket-danbo-ost-ml-45-m-kommen/p10025441,madvaerket-danbo-ost-ml-45-m-kommen,MADVÆRKET Danbo ost ML 45+ m. kommen,57.95
https://www.lidl.dk/p/oekologisk-spansk-rose-eller-hvidvin/p10029530,oekologisk-spansk-rose-eller-hvidvin,Økologisk spansk rosé eller hvidvin,99
https://www.lidl.dk/p/hata-ramune-japansk-sodavand/p10029498,hata-ramune-japansk-sodavand,HATA RAMUNE Japansk sodavand,15
https://www.lidl.dk/p/jolly-sodavand/p10029410,jolly-sodavand,,
https://www.lidl.dk/p/w5-sensitive-opvaskemiddel/p6500832,w5-sensitive-opvaskemiddel,W5 sensitive opvaskemiddel,"30,33"
https://www.lidl.dk/p/silvercrest-opbevaringsboetter-med-vaegophaeng/p10029363,silvercrest-opbevaringsboetter-med-vaegophaeng,,
https://www.lidl.dk/p/slots-classic/p10029409,slots-classic,,
https://www.lidl.dk/p/middag-for-2/p10000164,middag-for-2,Middag for 2,499
https://www.lidl.dk/p/ostebolle-med-gouda/p51816,ostebolle-med-gouda,Ostebolle med gouda,"30,33"
https://www.lidl.dk/p/sweet-corner-chews/p10029247,sweet-corner-chews,,
https://www.lidl.dk/p/chef-select-maaltidssalat/p10029308,chef-select-maaltidssalat,,
https://www.lidl.dk/p/oeko-rosso-puglia-igt-bib-2021/p10015694,oeko-rosso-puglia-igt-bib-2021,Øko Rosso Puglia IGT BIB 2021,"30,33"
https://www.lidl.dk/p/alpenfest-crumblekage/p10029302,alpenfest-crumblekage,,
https://www.lidl.dk/p/rosevin-soed-2022/p10015692,rosevin-soed-2022,Rosévin sød 2022,"30,33"
https://www.lidl.dk/p/valnoeddestykke/p106640,valnoeddestykke,Valnøddestykke,"30,33"
https://www.lidl.dk/p/samlip-pankorasp/p10029506,samlip-pankorasp,SAMLIP Pankorasp,12
https://www.lidl.dk/p/esmara-sweatbukser/p10029379,esmara-sweatbukser,,
https://www.lidl.dk/p/kalla/p10029386,kalla,,
https://www.lidl.dk/p/wandering-bird-nzl-sauvignon-blanc/p123802,wandering-bird-nzl-sauvignon-blanc,Wandering Bird NZL Sauvignon Blanc,"30,33"
https://www.lidl.dk/p/esmara-ribbet-rullekravetroeje/p10029374,esmara-ribbet-rullekravetroeje,,
https://www.lidl.dk/p/vemondo-vegansk-stenovns-pizza-sk2/p10025351,vemondo-vegansk-stenovns-pizza-sk2,Vemondo Vegansk stenovns pizza SK2,19.95
https://www.lidl.dk/p/nivei-hvid-rioja/p5704359,nivei-hvid-rioja,Nivei hvid Rioja,"30,33"
https://www.lidl.dk/p/tawny-portvin-19/p10015708,tawny-portvin-19,Tawny Portvin 19 %,"30,33"
https://www.lidl.dk/p/nougatcroissant/p152811,nougatcroissant,Nougatcroissant,"30,33"
https://www.lidl.dk/p/floralys-koekkenrulle/p10029475,floralys-koekkenrulle,FLORALYS Køkkenrulle,45
https://www.lidl.dk/p/vitasia-teriyakisauce/p10029505,vitasia-teriyakisauce,VITASIA Teriyakisauce,20
https://www.lidl.dk/p/lupilu-bleer-tubes-junior-str-5/p138087,lupilu-bleer-tubes-junior-str-5,Lupilu Bleer tubes junior str. 5,"30,33"
https://www.lidl.dk/p/deidesheimer-hofstuck-riesling/p10029294,deidesheimer-hofstuck-riesling,,
https://www.lidl.dk/p/rheinhessen-riesling/p10000037,rheinhessen-riesling,Rheinhessen Riesling,"30,33"
https://www.lidl.dk/p/deluxe-pizza-med-figner-og-gorgonzola/p10029485,deluxe-pizza-med-figner-og-gorgonzola,DELUXE Pizza med figner og gorgonzola,25
https://www.lidl.dk/p/esmara-pullover-eller-bukser-i-floejslook/p10029638,esmara-pullover-eller-bukser-i-floejslook,ESMARA® Pullover eller bukser i fløjslook,79
https://www.lidl.dk/p/cava-brut/p27023,cava-brut,Cava Brut,"30,33"
https://www.lidl.dk/p/californien-zinfandel-rose-2023/p10015685,californien-zinfandel-rose-2023,Californien Zinfandel Rosé 2023,"30,33"
https://www.lidl.dk/p/trattoria-alfredo-panpizza/p10029248,trattoria-alfredo-panpizza,,
https://www.lidl.dk/p/alpenfest-brezel/p10029298,alpenfest-brezel,,
https://www.lidl.dk/p/belbake-glutenfrit-pandekagemix/p10029471,belbake-glutenfrit-pandekagemix,BELBAKE Glutenfrit pandekagemix,20
https://www.lidl.dk/p/vilstrupgaard-hakket-gris-og-kalv/p10029231,vilstrupgaard-hakket-gris-og-kalv,,
https://www.lidl.dk/p/chef-select-tortelloni/p10029244,chef-select-tortelloni,,
https://www.lidl.dk/p/rundt-franskbroed/p6501016,rundt-franskbroed,Rundt franskbrød,"30,33"
https://www.lidl.dk/p/kohberg-rugbroed-madbroed-eller-cafesandwich/p10029226,kohberg-rugbroed-madbroed-eller-cafesandwich,,
https://www.lidl.dk/p/alpenfest-poelser/p10029297,alpenfest-poelser,,
https://www.lidl.dk/p/madvaerket-danske-skrabeaeg-m-l/p10025467,madvaerket-danske-skrabeaeg-m-l,"MADVÆRKET Danske skrabeæg, M/L",27.95
https://www.lidl.dk/p/rose-vilstrupgaard-hakket-kylligekoed-eller-kyllingebrystfilet/p10029446,rose-vilstrupgaard-hakket-kylligekoed-eller-kyllingebrystfilet,ROSE/VILSTRUPGÅRD Hakket kylligekød eller kyllingebrystfilet,59
https://www.lidl.dk/p/vitasia-surimirejer/p10029502,vitasia-surimirejer,VITASIA Surimirejer,20
https://www.lidl.dk/p/parkside-robust-station-med-diamantslibeskive/p10029341,parkside-robust-station-med-diamantslibeskive,,
https://www.lidl.dk/p/softkernerugbroed/p6507243,softkernerugbroed,Softkernerugbrød,"30,33"
https://www.lidl.dk/p/oeko-sau-blanc-verdejo-tierra-2023/p10015675,oeko-sau-blanc-verdejo-tierra-2023,Øko sau blanc/verdejo Tierra (2023),"30,33"
https://www.lidl.dk/p/riesling-feinherb/p10013312,riesling-feinherb,Riesling Feinherb,"30,33"
https://www.lidl.dk/p/parkside-vaerktoejssaet/p10029344,parkside-vaerktoejssaet,,
https://www.lidl.dk/p/sydafrikansk-sauvignon-blanc-2024/p10015677,sydafrikansk-sauvignon-blanc-2024,Sydafrikansk Sauvignon Blanc 2024,"30,33"
https://www.lidl.dk/p/deidesheimer-hofstuck-riesling-pfal/p10015642,deidesheimer-hofstuck-riesling-pfal,Deidesheimer Hofstück Riesling Pfal,"30,33"
https://www.lidl.dk/p/amarone-del-val-class-docg-2021/p10015706,amarone-del-val-class-docg-2021,Amarone del. Val. Class. DOCG 2021,"30,33"
https://www.lidl.dk/p/vitasia-udonnnudler/p10029522,vitasia-udonnnudler,VITASIA Udonnnudler,12
https://www.lidl.dk/p/pinot-grigio-blush/p112702,pinot-grigio-blush,Pinot Grigio Blush,"30,33"
https://www.lidl.dk/p/disney-drikkedunk/p10029335,disney-drikkedunk,,
https://www.lidl.dk/p/stryhn-s-grov-eller-fransk-leverpostej/p10029241,stryhn-s-grov-eller-fransk-leverpostej,,
https://www.lidl.dk/p/croissant-med-nougatfyld-eller-skinke-og-ost/p10029443,croissant-med-nougatfyld-eller-skinke-og-ost,Croissant med nougatfyld eller skinke og ost,8
https://www.lidl.dk/p/asti-spumante-docg/p1687,asti-spumante-docg,Asti Spumante DOCG,"30,33"
https://www.lidl.dk/p/livarno-udtraekkelig-metalhylde/p10029576,livarno-udtraekkelig-metalhylde,LIVARNO® Udtrækkelig metalhylde,149
https://www.lidl.dk/p/lupilu-undertroeje-til-boern/p10029634,lupilu-undertroeje-til-boern,LUPILU® Undertrøje til børn,30
https://www.lidl.dk/p/rosevin-spanien-bib/p115462,rosevin-spanien-bib,Rosévin Spanien - BiB,"30,33"
https://www.lidl.dk/p/crivit-loebeshorts/p10029588,crivit-loebeshorts,CRIVIT® Løbeshorts,50
https://www.lidl.dk/p/disney-2026-marvel-rejsekuffert/p10029333,disney-2026-marvel-rejsekuffert,,
https://www.lidl.dk/p/skippersild-sild/p10029254,skippersild-sild,,
https://www.lidl.dk/p/sydafrikansk-shiraz-rose-bib/p29228,sydafrikansk-shiraz-rose-bib,Sydafrikansk Shiraz rosé - BiB,"30,33"
https://www.lidl.dk/p/dentalux-tandpasta-sk9/p10025509,dentalux-tandpasta-sk9,Dentalux Tandpasta SK9,9.95
https://www.lidl.dk/p/silvercrest-citruspresser/p10029574,silvercrest-citruspresser,SILVERCREST® Citruspresser,149
https://www.lidl.dk/p/dulano-salami/p10029243,dulano-salami,,
https://www.lidl.dk/p/donut-med-chokolade/p159267,donut-med-chokolade,Donut med chokolade,"30,33"
https://www.lidl.dk/p/vitasia-ramennudler/p10029512,vitasia-ramennudler,VITASIA Ramennudler,15
https://www.lidl.dk/p/himmerlandskoed-hakket-oksekoed/p10029232,himmerlandskoed-hakket-oksekoed,,
https://www.lidl.dk/p/deluxe-frisk-pasta-med-fyld/p10029270,deluxe-frisk-pasta-med-fyld,,
https://www.lidl.dk/p/danish-crown-burger-boost/p10029458,danish-crown-burger-boost,DANISH CROWN Burger Boost,"35,-"
https://www.lidl.dk/p/sesamring/p10029305,sesamring,,
https://www.lidl.dk/p/deluxe-salami/p10029483,deluxe-salami,DELUXE Salami,20
https://www.lidl.dk/p/disney-2026-marvel-paraply/p10029334,disney-2026-marvel-paraply,,
https://www.lidl.dk/p/chef-select-hummus-sk6/p10025447,chef-select-hummus-sk6,Chef Select Hummus SK6,12.5
https://www.lidl.dk/p/deluxe-kartoffelgratin/p10029268,deluxe-kartoffelgratin,,
https://www.lidl.dk/p/caveneta-rosevin/p29510,caveneta-rosevin,Caveneta rosévin,"30,33"
https://www.lidl.dk/p/oekologisk-rosevin-bib-2022/p10015701,oekologisk-rosevin-bib-2022,Økologisk Rosévin BiB 2022,"30,33"
https://www.lidl.dk/p/lupilu-bleer-tubes-maxi-str-4/p138085,lupilu-bleer-tubes-maxi-str-4,Lupilu Bleer tubes maxi str. 4,"30,33"
https://www.lidl.dk/p/parkside-hoejbed-med-overdaekning/p10029609,parkside-hoejbed-med-overdaekning,PARKSIDE® Højbed med overdækning,199
https://www.lidl.dk/p/cal-zinfandel-rose/p34522,cal-zinfandel-rose,Cal. Zinfandel rosé,"30,33"
https://www.lidl.dk/p/madvaerket-samsoe-30-skorpefri/p10025439,madvaerket-samsoe-30-skorpefri,MADVÆRKET Samsø 30+ skorpefri,64.95
https://www.lidl.dk/p/blaabaer/p10029558,blaabaer,Blåbær,29
https://www.lidl.dk/p/vitasia-ramensuppe/p10029514,vitasia-ramensuppe,VITASIA Ramensuppe,29
https://www.lidl.dk/p/livarno-saet-med-opbevaringsboetter/p10029361,livarno-saet-med-opbevaringsboetter,,
https://www.lidl.dk/p/naturli-oekologisk-smoerbar-eller-vegansk-blok/p10029470,naturli-oekologisk-smoerbar-eller-vegansk-blok,NATURLI‘ Økologisk smørbar eller vegansk blok,15
https://www.lidl.dk/p/kinder-paaskekanin/p10029549,kinder-paaskekanin,KINDER Påskekanin,15
https://www.lidl.dk/p/w5-opvaskebeholder/p10029371,w5-opvaskebeholder,,
https://www.lidl.dk/p/deluxe-duchesse-ovnkartofler/p10029490,deluxe-duchesse-ovnkartofler,DELUXE Duchesse ovnkartofler,20
https://www.lidl.dk/p/dominio-v-alor-organic-sauvign-2023/p10015872,dominio-v-alor-organic-sauvign-2023,Dominio V'alor ORGANIC Sauvign 2023,"30,33"
https://www.lidl.dk/p/tastino-mini-eller-grovflutes/p10029535,tastino-mini-eller-grovflutes,TASTINO Mini- eller grovflutes,10
https://www.lidl.dk/p/freshona-smoothies-sk5/p10025361,freshona-smoothies-sk5,Freshona Smoothies SK5,19.95
https://www.lidl.dk/p/alpenfest-bockwurst/p10029289,alpenfest-bockwurst,,
https://www.lidl.dk/p/crelando-lcd-skrivetavle/p10029315,crelando-lcd-skrivetavle,,
https://www.lidl.dk/p/karen-volf-minikager/p10029258,karen-volf-minikager,,
https://www.lidl.dk/p/deluxe-luksussalami/p10029484,deluxe-luksussalami,DELUXE Luksussalami,30
https://www.lidl.dk/p/alesto-cashewnoedder/p10029251,alesto-cashewnoedder,,
https://www.lidl.dk/p/bourgogne-chardonnay/p27037,bourgogne-chardonnay,Bourgogne Chardonnay,"30,33"
https://www.lidl.dk/p/sekt/p19852,sekt,Sekt,"30,33"
https://www.lidl.dk/p/disney-2026-marvel-rejsekuffert/p10029351,disney-2026-marvel-rejsekuffert,,
https://www.lidl.dk/p/freeway-sodavand/p10029467,freeway-sodavand,FREEWAY Sodavand,"6,-"
https://www.lidl.dk/p/crivit-loeberygsaek-eller-vest/p10029584,crivit-loeberygsaek-eller-vest,CRIVIT® Løberygsæk eller- vest,149
https://www.lidl.dk/p/thebirkes-med-remonce/p2652,thebirkes-med-remonce,Thebirkes med remonce,"30,33"
https://www.lidl.dk/p/crivit-loebesko-til-dame-eller-herre/p10029594,crivit-loebesko-til-dame-eller-herre,CRIVIT® Løbesko til dame eller herre,149
https://www.lidl.dk/p/ballarom-instant-kaffe/p10029259,ballarom-instant-kaffe,,
https://www.lidl.dk/p/silvercrest-elektrisk-kaffekvaern/p10029352,silvercrest-elektrisk-kaffekvaern,,
https://www.lidl.dk/p/vitasia-paneret-kylling-med-chilidip/p10029517,vitasia-paneret-kylling-med-chilidip,VITASIA Paneret kylling med chilidip,40
https://www.lidl.dk/p/lupilu-baby-vaadservietter-mini/p130850,lupilu-baby-vaadservietter-mini,Lupilu Baby vådservietter mini,"30,33"
https://www.lidl.dk/p/crivit-loebesokker/p10029593,crivit-loebesokker,CRIVIT® Løbesokker,40
https://www.lidl.dk/p/chardonnay-navarro-do/p38807,chardonnay-navarro-do,Chardonnay Navarro DO,"30,33"
https://www.lidl.dk/p/deluxe-macarons/p10029275,deluxe-macarons,,
https://www.lidl.dk/p/chile-sauvignon-blanc-reserva-privada/p28635,chile-sauvignon-blanc-reserva-privada,Chile Sauvignon Blanc Reserva Privada,"30,33"
https://www.lidl.dk/p/esmara-finstrikkede-undertroejer-til-maend/p10029632,esmara-finstrikkede-undertroejer-til-maend,ESMARA® Finstrikkede undertrøjer til mænd,59
https://www.lidl.dk/p/oeko-softkernerugbroed-m-havreflager/p6502880,oeko-softkernerugbroed-m-havreflager,Øko softkernerugbrød m/havreflager,"30,33"
https://www.lidl.dk/p/kanelsnegl/p3734,kanelsnegl,Kanelsnegl,"30,33"
https://www.lidl.dk/p/fransk-baguette/p27986,fransk-baguette,Fransk baguette,"30,33"
https://www.lidl.dk/p/madvaerket-15-skummetmaelk/p10025459,madvaerket-15-skummetmaelk,MADVÆRKET 15 Skummetmælk,10.95
https://www.lidl.dk/p/matilde-kakaoskummetmaelk/p10029565,matilde-kakaoskummetmaelk,MATILDE Kakaoskummetmælk,"8,-"
https://www.lidl.dk/p/w5-opvaskemaatte/p10029365,w5-opvaskemaatte,,
https://www.lidl.dk/p/vilstrupgaard-ovnklar-flaeskesteg/p10029395,vilstrupgaard-ovnklar-flaeskesteg,,
https://www.lidl.dk/p/queen-margot-cremelikoer/p10029413,queen-margot-cremelikoer,,
https://www.lidl.dk/p/formil-white-care/p6500835,formil-white-care,Formil white care,"30,33"
https://www.lidl.dk/p/3-stjernet-paalaeg/p10029431,3-stjernet-paalaeg,3-STJERNET Pålæg,5
https://www.lidl.dk/p/madvaerket-krydder-eller-fuldkornskrydderboller/p10029460,madvaerket-krydder-eller-fuldkornskrydderboller,MADVÆRKET Krydder- eller fuldkornskrydderboller,15
https://www.lidl.dk/p/dulano-skinke-m-svaer-el-peber-sk3/p10025399,dulano-skinke-m-svaer-el-peber-sk3,Dulano Skinke m/svær el. peber SK3,14.95
https://www.lidl.dk/p/alpenfest-leberkase/p10029287,alpenfest-leberkase,,
https://www.lidl.dk/p/paaskeliljer-perlehyacint-eller-krokos/p10029643,paaskeliljer-perlehyacint-eller-krokos,"Påskeliljer, perlehyacint eller krokos",9
https://www.lidl.dk/p/chile-pinot-noir-reserva-oa-2019/p135556,chile-pinot-noir-reserva-oa-2019,Chile Pinot Noir Reserva (OA) 2019,"30,33"
https://www.lidl.dk/p/dulano-delikatesse-skinke/p10025397,dulano-delikatesse-skinke,Dulano Delikatesse skinke,19.95
https://www.lidl.dk/p/combino-pasta-i-bronzeform-hwg-sk3/p10025483,combino-pasta-i-bronzeform-hwg-sk3,Combino Pasta i bronzeform HWG SK3,11.95
https://www.lidl.dk/p/vilstrupgaard-hakket-gris-8-12-1000g/p10025545,vilstrupgaard-hakket-gris-8-12-1000g,Vilstrupgård Hakket gris 8-12% (1000g),69.95
https://www.lidl.dk/p/primitivo-del-salento-igp-bib/p60321,primitivo-del-salento-igp-bib,Primitivo del Salento IGP BiB,"30,33"
https://www.lidl.dk/p/dr-oetker-pizza/p10029416,dr-oetker-pizza,,
https://www.lidl.dk/p/palmolive-haandsaebe/p10029474,palmolive-haandsaebe,PALMOLIVE Håndsæbe,10
https://www.lidl.dk/p/deluxe-chorizo/p10029271,deluxe-chorizo,,
https://www.lidl.dk/p/spaghetti-bolognese/p10013313,spaghetti-bolognese,Spaghetti Bolognese,"30,33"
https://www.lidl.dk/p/lambrusco/p10000133,lambrusco,Lambrusco,"30,33"
https://www.lidl.dk/p/hvem-ved-hvad-bog/p10029325,hvem-ved-hvad-bog,,
https://www.lidl.dk/p/silvercrest-koeleskabsbeholder-eller-kasser/p10029372,silvercrest-koeleskabsbeholder-eller-kasser,,
https://www.lidl.dk/p/kinder-surprise-maxi-aeg/p10029548,kinder-surprise-maxi-aeg,KINDER Surprise Maxi æg,39
https://www.lidl.dk/p/santa-maria-tacoskaller/p10029400,santa-maria-tacoskaller,,
https://www.lidl.dk/p/freshona-frosne-hindbaer/p10025357,freshona-frosne-hindbaer,Freshona Frosne hindbær,33.95
https://www.lidl.dk/p/studenterbroed/p10009786,studenterbroed,Studenterbrød,"30,33"
https://www.lidl.dk/p/parkside-strips/p10029618,parkside-strips,PARKSIDE® Strips,15
https://www.lidl.dk/p/foraarsblomster/p10029646,foraarsblomster,Forårsblomster,22
https://www.lidl.dk/p/australsk-chardonnay-colombard-bib/p140692,australsk-chardonnay-colombard-bib,Australsk Chardonnay/Colombard - BiB,"30,33"
https://www.lidl.dk/p/madvaerket-15-soedmaelk/p10025457,madvaerket-15-soedmaelk,MADVÆRKET 15 Sødmælk,14.5
https://www.lidl.dk/p/valnoeddebroed/p118290,valnoeddebroed,Valnøddebrød,"30,33"
https://www.lidl.dk/p/naturli-oekologisk-soja-eller-havredrik/p10029246,naturli-oekologisk-soja-eller-havredrik,,
https://www.lidl.dk/p/franklin-s-fuel-premium-zinfandel/p10015686,franklin-s-fuel-premium-zinfandel,Franklin´s Fuel Premium Zinfandel,"30,33"
https://www.lidl.dk/p/lupilu-bleer-tubes-newborn-str-1/p138081,lupilu-bleer-tubes-newborn-str-1,Lupilu Bleer tubes newborn str. 1,"30,33"
https://www.lidl.dk/p/chateauneuf-du-pape-aop-premiu-2023/p10015704,chateauneuf-du-pape-aop-premiu-2023,Chateauneuf du Pape AOP Premiu 2023,"30,33"
https://www.lidl.dk/p/dulano-kalkunpaalaeg-sk16/p10025379,dulano-kalkunpaalaeg-sk16,Dulano Kalkunpålæg SK16,14.95
https://www.lidl.dk/p/maitre-jean-pierre-maelke-og-chokoladebroed/p10029539,maitre-jean-pierre-maelke-og-chokoladebroed,MAITRE JEAN-PIERRE Mælke- og chokoladebrød,20
https://www.lidl.dk/p/milbona-kakaomaelk-6x0-2l/p10025465,milbona-kakaomaelk-6x0-2l,"Milbona Kakaomælk 6x0,2l",19.95
https://www.lidl.dk/p/madvaerket-fin-eller-grovvalsede-havregryn/p10029461,madvaerket-fin-eller-grovvalsede-havregryn,MADVÆRKET Fin- eller grovvalsede havregryn,8
https://www.lidl.dk/p/milbona-friskosttilberedning-sk2/p10025433,milbona-friskosttilberedning-sk2,Milbona Friskosttilberedning SK2,10.95
https://www.lidl.dk/p/high-protein-yoghurt/p10029454,high-protein-yoghurt,HIGH PROTEIN Yoghurt,7
https://www.lidl.dk/p/madvaerket-danbo-45-ml/p10025437,madvaerket-danbo-45-ml,MADVÆRKET Danbo 45+ ML,54.95
https://www.lidl.dk/p/groenne-aebler/p10029654,groenne-aebler,,
https://www.lidl.dk/p/lupilu-trusser-eller-boxershorts-til-boern/p10029635,lupilu-trusser-eller-boxershorts-til-boern,LUPILU® Trusser eller boxershorts til børn,30
https://www.lidl.dk/p/parkside-digital-skydelaere-eller-vinkelmaaler/p10029347,parkside-digital-skydelaere-eller-vinkelmaaler,,
https://www.lidl.dk/p/disney-2026-marvel-sweatshirt/p10029328,disney-2026-marvel-sweatshirt,,
https://www.lidl.dk/p/nordthy-vaffelroer/p10029465,nordthy-vaffelroer,NORDTHY Vaffelrør,18
https://www.lidl.dk/p/vitasia/p10029513,vitasia,Vitasia,15
https://www.lidl.dk/p/neo-ribera-a-del-duero-d-o-crianza/p10015683,neo-ribera-a-del-duero-d-o-crianza,Neo Ribera a del Duero D.O. Crianza,"30,33"
https://www.lidl.dk/p/esmara-t-shirt/p10029373,esmara-t-shirt,,
https://www.lidl.dk/p/lupilu-sikkerhedsvatpinde/p130693,lupilu-sikkerhedsvatpinde,Lupilu Sikkerhedsvatpinde,"30,33"
https://www.lidl.dk/p/silvercrest-skaerebraetssaet-eller-teboks/p10029568,silvercrest-skaerebraetssaet-eller-teboks,SILVERCREST® Skærebrætssæt eller teboks,40
https://www.lidl.dk/p/formil-sensitive-color-care/p6500833,formil-sensitive-color-care,Formil sensitive color care,"30,33"
https://www.lidl.dk/p/chokoladedonut/p182155,chokoladedonut,Chokoladedonut,"30,33"
https://www.lidl.dk/p/rygsaek/p10029314,rygsaek,,
https://www.lidl.dk/p/valnoeddebroed/p10029444,valnoeddebroed,Valnøddebrød,20
https://www.lidl.dk/p/parkside-invertersvejser/p10029342,parkside-invertersvejser,,
https://www.lidl.dk/p/colgate-tandpasta-familiepakke/p10029477,colgate-tandpasta-familiepakke,COLGATE Tandpasta familiepakke,39
https://www.lidl.dk/p/vitalmaxx-minimassagepistol/p10029590,vitalmaxx-minimassagepistol,VITALMAXX® Minimassagepistol,99
https://www.lidl.dk/p/vitasia-wakamesalat/p10029523,vitasia-wakamesalat,VITASIA Wakamesalat,18
https://www.lidl.dk/p/poussin/p10029396,poussin,,
https://www.lidl.dk/p/rsa-prem-fairtrade-chenin-blanc/p10000139,rsa-prem-fairtrade-chenin-blanc,RSA Prem. Fairtrade Chenin Blanc,"30,33"
https://www.lidl.dk/p/esmara-sweatpullover/p10029377,esmara-sweatpullover,,
https://www.lidl.dk/p/fratelli-felice-hvidvin-bib/p10015874,fratelli-felice-hvidvin-bib,Fratelli Felice hvidvin BIB,"30,33"
https://www.lidl.dk/p/malebog/p10029320,malebog,,
https://www.lidl.dk/p/deluxe-mini-isdessert/p10029488,deluxe-mini-isdessert,DELUXE Mini-isdessert,12
https://www.lidl.dk/p/paalaegsslagteren-bacon-sliced/p10025393,paalaegsslagteren-bacon-sliced,Pålægsslagteren Bacon sliced,29.95
https://www.lidl.dk/p/favorina-chokoladeaeg/p10029557,favorina-chokoladeaeg,FAVORINA Chokoladeæg,55
https://www.lidl.dk/p/ajax-original/p10029266,ajax-original,,
https://www.lidl.dk/p/magasin/p10000176,magasin,Magasin,200
https://www.lidl.dk/p/combino-farfalle/p10025489,combino-farfalle,Combino Farfalle,11.95
https://www.lidl.dk/p/deluxe-tempurarejer/p10029486,deluxe-tempurarejer,DELUXE Tempurarejer,35
https://www.lidl.dk/p/livarno-sengesaet-af-mikrofibersatin/p10029578,livarno-sengesaet-af-mikrofibersatin,LIVARNO® Sengesæt af mikrofibersatin,59
https://www.lidl.dk/p/vilstrupgaard-burgerboeffer/p10025549,vilstrupgaard-burgerboeffer,Vilstrupgård Burgerbøffer,44.95
https://www.lidl.dk/p/den-gamle-fabrik-syltetoej/p10029407,den-gamle-fabrik-syltetoej,,
https://www.lidl.dk/p/madvaerket-yoghurt-naturel/p10029459,madvaerket-yoghurt-naturel,MADVÆRKET Yoghurt naturel,12
https://www.lidl.dk/p/nordthy-vaffelroer/p10029468,nordthy-vaffelroer,NORDTHY Vaffelrør,"15,-"
https://www.lidl.dk/p/shiraz-barossa-valley/p10013309,shiraz-barossa-valley,Shiraz Barossa Valley,"30,33"
https://www.lidl.dk/p/madvaerket-yoghurt-vanilje-0-1/p10025419,madvaerket-yoghurt-vanilje-0-1,"MADVÆRKET Yoghurt vanilje 0,1%",15.95
https://www.lidl.dk/p/rsa-shiraz-cabernet-eua/p10000070,rsa-shiraz-cabernet-eua,RSA Shiraz / Cabernet (EUA),"30,33"
https://www.lidl.dk/p/danske-guleroedder/p10029227,danske-guleroedder,,
https://www.lidl.dk/p/lupilu-oekologisk-frugtstang/p132118,lupilu-oekologisk-frugtstang,Lupilu Økologisk frugtstang,"30,33"
https://www.lidl.dk/p/silvercrest-stikdaase-med-usb/p10000147,silvercrest-stikdaase-med-usb,SILVERCREST® Stikdåse med USB,"30,33"
https://www.lidl.dk/p/vemondo-sojayoghurt-sk5/p10025421,vemondo-sojayoghurt-sk5,Vemondo Sojayoghurt SK5,9.95
https://www.lidl.dk/p/crivit-kortaermet-loebetroeje/p10029587,crivit-kortaermet-loebetroeje,CRIVIT® Kortærmet løbetrøje,40
https://www.lidl.dk/p/parkside-magnetskinne/p10029345,parkside-magnetskinne,,
https://www.lidl.dk/p/madvaerket-oekologisk-creme-fraiche/p10029399,madvaerket-oekologisk-creme-fraiche,,
https://www.lidl.dk/p/aeblelomme-med-sukkerpynt/p65260,aeblelomme-med-sukkerpynt,Æblelomme med sukkerpynt,"30,33"
https://www.lidl.dk/p/rustikt-hvedestykke-med-solsikkekerner-og-blaa-birkes/p152767,rustikt-hvedestykke-med-solsikkekerner-og-blaa-birkes,Rustikt hvedestykke med solsikkekerner og blå birkes,"30,33"
https://www.lidl.dk/p/cien-dag-eller-natcreme/p10029267,cien-dag-eller-natcreme,,
https://www.lidl.dk/p/karen-volf-snoefler/p10029255,karen-volf-snoefler,,
https://www.lidl.dk/p/armilar-portvin-19/p10015707,armilar-portvin-19,Armilar Portvin 19%,"30,33"
https://www.lidl.dk/p/klementiner/p10029228,klementiner,,
https://www.lidl.dk/p/lupilu-sensitive-vaadservietter/p162276,lupilu-sensitive-vaadservietter,Lupilu Sensitive vådservietter,"30,33"
https://www.lidl.dk/p/parkside-sikkerhedssko/p10029649,parkside-sikkerhedssko,PARKSIDE® Sikkerhedssko,"149,-"
https://www.lidl.dk/p/rose-hel-kylling/p10029528,rose-hel-kylling,ROSE Hel kylling,65
https://www.lidl.dk/p/madvaerket-hvedetoast/p10029406,madvaerket-hvedetoast,,
https://www.lidl.dk/p/disney-2026-marvel-t-shirt/p10029331,disney-2026-marvel-t-shirt,,
https://www.lidl.dk/p/australsk-shiraz-rose/p10000036,australsk-shiraz-rose,Australsk Shiraz rosé,"30,33"
https://www.lidl.dk/p/junge-winzer-pinot-noir-rose/p10029295,junge-winzer-pinot-noir-rose,,
https://www.lidl.dk/p/milbona-kvark-20/p10025463,milbona-kvark-20,Milbona Kvark 20%,9.95
https://www.lidl.dk/p/vitasia-sobanudler/p10029509,vitasia-sobanudler,VITASIA Sobanudler,10
https://www.lidl.dk/p/selone-cabernet-zinfandel-2022/p10015663,selone-cabernet-zinfandel-2022,Selone Cabernet / Zinfandel 2022,"30,33"
https://www.lidl.dk/p/plante-i-keramik/p10029645,plante-i-keramik,Plante i keramik,65
https://www.lidl.dk/p/blommetomater/p10029437,blommetomater,Blommetomater,14
https://www.lidl.dk/p/smoercroissant/p10007294,smoercroissant,Smørcroissant,"30,33"
https://www.lidl.dk/p/bissinger-champagner-aop-brut-rose/p10015697,bissinger-champagner-aop-brut-rose,Bissinger Champagner AOP brut rosé,"30,33"
https://www.lidl.dk/p/wienerpekan/p2883,wienerpekan,Wienerpekan,"30,33"
https://www.lidl.dk/p/parkside-langaermet-troeje/p10029596,parkside-langaermet-troeje,PARKSIDE® Langærmet trøje,59
https://www.lidl.dk/p/ciabatta/p118251,ciabatta,Ciabatta,"30,33"
https://www.lidl.dk/p/flerkornsbroed/p92779,flerkornsbroed,Flerkornsbrød,"30,33"
https://www.lidl.dk/p/crivit-loebevest/p10029595,crivit-loebevest,CRIVIT® Løbevest,"79,-"
https://www.lidl.dk/p/parkside-krydslinjelaser-med-stativ/p10029650,parkside-krydslinjelaser-med-stativ,PARKSIDE® Krydslinjelaser med stativ,"149,-"
https://www.lidl.dk/p/solevita-aeble-blandede-baer-juice/p10025427,solevita-aeble-blandede-baer-juice,Solevita Æble/blandede bær juice,22.95
https://www.lidl.dk/p/vegansk-poelsehorn/p169887,vegansk-poelsehorn,Vegansk pølsehorn,"30,33"
https://www.lidl.dk/p/gruner-veltliner/p10015667,gruner-veltliner,Grüner Veltliner,"30,33"
https://www.lidl.dk/p/deluxe-rejering/p10029269,deluxe-rejering,,
https://www.lidl.dk/p/roedvin-soed-2023/p10015703,roedvin-soed-2023,Rødvin sød 2023,"30,33"
https://www.lidl.dk/p/cloetta-paaskeskum/p10029551,cloetta-paaskeskum,CLOETTA Påskeskum,12
https://www.lidl.dk/p/pizzasnegl/p10009785,pizzasnegl,Pizzasnegl,"30,33"
https://www.lidl.dk/p/chilensk-sauvignon-blanc/p120713,chilensk-sauvignon-blanc,Chilensk Sauvignon Blanc,"30,33"
https://www.lidl.dk/p/lupilu-bleer-tubes-mini-str-2/p138082,lupilu-bleer-tubes-mini-str-2,Lupilu Bleer tubes mini str. 2,"30,33"
https://www.lidl.dk/p/parkside-strikket-fleecejakke/p10029597,parkside-strikket-fleecejakke,PARKSIDE® Strikket fleecejakke,99
https://www.lidl.dk/p/disney-pyjamas-til-damer/p10029330,disney-pyjamas-til-damer,,
https://www.lidl.dk/p/hellmann-s-mayonnaise/p10029256,hellmann-s-mayonnaise,,
https://www.lidl.dk/p/stort-poelsehorn-m-ketchup/p6502975,stort-poelsehorn-m-ketchup,Stort pølsehorn m/ketchup,"30,33"
https://www.lidl.dk/p/crelando-tegneblok/p10029316,crelando-tegneblok,,
https://www.lidl.dk/p/oeko-stykke/p155316,oeko-stykke,Øko stykke,"30,33"
https://www.lidl.dk/p/floralys-toiletpapir-3-lags/p10025529,floralys-toiletpapir-3-lags,Floralys Toiletpapir 3-lags,39.95
https://www.lidl.dk/p/maribel-peanutbutter/p10025491,maribel-peanutbutter,Maribel Peanutbutter,26.95
https://www.lidl.dk/p/livarno-billede-til-vaeggen/p10029581,livarno-billede-til-vaeggen,LIVARNO® Billede til væggen,25
https://www.lidl.dk/p/dulano-roed-salami/p10025387,dulano-roed-salami,Dulano Rød Salami,14.95
https://www.lidl.dk/p/vilstrupgaard-hakket-oksekoed/p10029447,vilstrupgaard-hakket-oksekoed,VILSTRUPGÅRD Hakket oksekød,49
https://www.lidl.dk/p/stor-groen-plante/p10029388,stor-groen-plante,,
https://www.lidl.dk/p/vitasia-cookiedej/p10029496,vitasia-cookiedej,VITASIA Cookiedej,25
https://www.lidl.dk/p/w5-viskestykkeholder/p10029370,w5-viskestykkeholder,,
https://www.lidl.dk/p/sydafrika-chardonnay/p34517,sydafrika-chardonnay,Sydafrika Chardonnay,"30,33"
https://www.lidl.dk/p/livarno-straeklagen-af-satin/p10029579,livarno-straeklagen-af-satin,LIVARNO® Stræklagen af satin,69
https://www.lidl.dk/p/freshona-frosne-jordbaer/p10025359,freshona-frosne-jordbaer,Freshona Frosne jordbær,21.95
https://www.lidl.dk/p/madvaerket-solsikkebroed-10-skiver/p10025499,madvaerket-solsikkebroed-10-skiver,MADVÆRKET Solsikkebrød 10 skiver,7.95
https://www.lidl.dk/p/dulano-selection-gourmet-salami-sk3/p10025391,dulano-selection-gourmet-salami-sk3,Dulano Selection Gourmet Salami SK3,17.95
https://www.lidl.dk/p/sds-coteaux-d-aix-en-prov-aoc-2022/p10015693,sds-coteaux-d-aix-en-prov-aoc-2022,SdS Coteaux d´Aix-en-Prov. AOC 2022,"30,33"
https://www.lidl.dk/p/livarno-pudebetraek-af-mikrofibersatin/p10029580,livarno-pudebetraek-af-mikrofibersatin,LIVARNO® Pudebetræk af mikrofibersatin,30
https://www.lidl.dk/p/silvercrest-glasskaalesaet/p10029570,silvercrest-glasskaalesaet,SILVERCREST® Glasskålesæt,69
https://www.lidl.dk/p/vilstrupgaard-entrecote-eller-ribeye/p10029397,vilstrupgaard-entrecote-eller-ribeye,,
https://www.lidl.dk/p/prosecco-treviso-dop-friz-toer-2023/p10015696,prosecco-treviso-dop-friz-toer-2023,Prosecco Treviso DOP friz tør 2023,"30,33"
https://www.lidl.dk/p/aktivitetshaefte-med-pen/p10029310,aktivitetshaefte-med-pen,,
https://www.lidl.dk/p/disney-2026-marvel-sweatbukser/p10029327,disney-2026-marvel-sweatbukser,,
https://www.lidl.dk/p/montep-d-abruzzo-dop/p27601,montep-d-abruzzo-dop,Montep. d'Abruzzo DOP,"30,33"
https://www.lidl.dk/p/favorina-chokoladeslikkepinde/p10029555,favorina-chokoladeslikkepinde,FAVORINA Chokoladeslikkepinde,25
https://www.lidl.dk/p/danaeg-skrabeaeg/p10029404,danaeg-skrabeaeg,,
https://www.lidl.dk/p/trattoria-alfredo-stensovnspizza-bolognese/p10025222,trattoria-alfredo-stensovnspizza-bolognese,Trattoria Alfredo Stensovnspizza Bolognese,33.95
https://www.lidl.dk/p/nzl-sauvignon-blanc-marlbor-eua/p122673,nzl-sauvignon-blanc-marlbor-eua,NZL Sauvignon Blanc Marlbor. (EUA),"30,33"
https://www.lidl.dk/p/aubergine/p10029435,aubergine,Aubergine,9
https://www.lidl.dk/p/valnoeddestykke/p10029441,valnoeddestykke,Valnøddestykke,6
https://www.lidl.dk/p/crelando-farvet-a4-papir/p10029324,crelando-farvet-a4-papir,,
https://www.lidl.dk/p/silvercrest-sushikit/p10029567,silvercrest-sushikit,SILVERCREST® Sushikit,69
https://www.lidl.dk/p/cotes-du-rhone-rouge-aop/p10015695,cotes-du-rhone-rouge-aop,Côtes du Rhône rouge AOP,"30,33"
https://www.lidl.dk/p/milbona-tyrkisk-inspireret-yoghurt-10/p10025405,milbona-tyrkisk-inspireret-yoghurt-10,Milbona Tyrkisk inspireret yoghurt 10%,30.95
https://www.lidl.dk/p/nivea-creme/p10029265,nivea-creme,,
https://www.lidl.dk/p/moellehjul/p10029440,moellehjul,Møllehjul,2
https://www.lidl.dk/p/alpenfest-karrypoelsesnack/p10029304,alpenfest-karrypoelsesnack,,
https://www.lidl.dk/p/kania-creme-fraiche-eller-thousand-island-dressing/p10029419,kania-creme-fraiche-eller-thousand-island-dressing,,
https://www.lidl.dk/p/livarno-koekkenredskaber/p10029358,livarno-koekkenredskaber,,
https://www.lidl.dk/p/disney-joggingsaet/p10029338,disney-joggingsaet,,
https://www.lidl.dk/p/tastino-tynde-knaekbroed/p10029260,tastino-tynde-knaekbroed,,
https://www.lidl.dk/p/frascati-doc/p21957,frascati-doc,Frascati DOC,"30,33"
https://www.lidl.dk/p/them-revet-ost/p10029418,them-revet-ost,,
https://www.lidl.dk/p/madvaerket-rugbroed/p10029452,madvaerket-rugbroed,MADVÆRKET Rugbrød,5
https://www.lidl.dk/p/havblaa-lakse-eller-roedspaettefileter/p10029236,havblaa-lakse-eller-roedspaettefileter,,
https://www.lidl.dk/p/kirsebaergrene/p10029384,kirsebaergrene,,
https://www.lidl.dk/p/parkside-urtepotte/p10029606,parkside-urtepotte,PARKSIDE® Urtepotte,50
https://www.lidl.dk/p/gavekort/p10000162,gavekort,Gavekort,250
https://www.lidl.dk/p/parkside-blaeselampesaet-inkl-butangas-330-ml/p10029349,parkside-blaeselampesaet-inkl-butangas-330-ml,,
https://www.lidl.dk/p/k-salat-remoulade-eller-mayonnaise/p10008393,k-salat-remoulade-eller-mayonnaise,K-Salat remoulade eller mayonnaise,12
https://www.lidl.dk/p/freshona-groentsager/p10029533,freshona-groentsager,FRESHONA Grøntsager,15
https://www.lidl.dk/p/madvaerket-frugtyoghurt-paere-banan-1-4/p10025411,madvaerket-frugtyoghurt-paere-banan-1-4,"MADVÆRKET Frugtyoghurt pære/banan 1,4%",15.95
https://www.lidl.dk/p/alkoholfri-sauvignon-blanc-2023/p10015678,alkoholfri-sauvignon-blanc-2023,Alkoholfri Sauvignon Blanc 2023,"30,33"
https://www.lidl.dk/p/flerkornsstykke/p10009784,flerkornsstykke,Flerkornsstykke,"30,33"
https://www.lidl.dk/p/silvercrest-ramensaet/p10029569,silvercrest-ramensaet,SILVERCREST® Ramensæt,50
https://www.lidl.dk/p/w5-rullebord/p10029366,w5-rullebord,,
https://www.lidl.dk/p/rose-kyllingeoverlaar-eller-underlaar/p10029449,rose-kyllingeoverlaar-eller-underlaar,ROSE Kyllingeoverlår eller -underlår,22
https://www.lidl.dk/p/paaskeslik/p10013308,paaskeslik,Påskeslik,"30,33"
https://www.lidl.dk/p/tulip-bacon-i-skiver-eller-tern/p10029417,tulip-bacon-i-skiver-eller-tern,,
https://www.lidl.dk/p/gewurztraminer-spatlese-riesling-liebfraumilch-eller-sekt-burg-schoneck/p10029398,gewurztraminer-spatlese-riesling-liebfraumilch-eller-sekt-burg-schoneck,,
https://www.lidl.dk/p/moellehjul-med-birkes/p112388,moellehjul-med-birkes,Møllehjul med birkes,"30,33"
https://www.lidl.dk/p/vilstrupgaard-kalkunstrimler-af-brystfilet/p10029450,vilstrupgaard-kalkunstrimler-af-brystfilet,VILSTRUPGÅRD Kalkunstrimler af brystfilet,29
https://www.lidl.dk/p/californsk-zinfandel/p130935,californsk-zinfandel,Californsk Zinfandel,"30,33"
https://www.lidl.dk/p/parkside-vde-tang-eller-kabelkniv/p10029611,parkside-vde-tang-eller-kabelkniv,PARKSIDE® VDE-tang eller kabelkniv,40
https://www.lidl.dk/p/alpenfest-bockwurst/p10029288,alpenfest-bockwurst,,
https://www.lidl.dk/p/disney-leggings/p10029339,disney-leggings,,
https://www.lidl.dk/p/vilstrupgaard-kyllingevinger-over-underlaar-eller-brystfileter/p10029224,vilstrupgaard-kyllingevinger-over-underlaar-eller-brystfileter,,
https://www.lidl.dk/p/milbona-pizzatopping-med-mozzarella/p10025445,milbona-pizzatopping-med-mozzarella,Milbona Pizzatopping med mozzarella,29.95
https://www.lidl.dk/p/disney-natdragt/p10029337,disney-natdragt,,
https://www.lidl.dk/p/vitasia-wasabi/p10029504,vitasia-wasabi,VITASIA Wasabi,10
https://www.lidl.dk/p/stedmoder/p10029642,stedmoder,Stedmoder,15
https://www.lidl.dk/p/disney-2026-marvel-pyjamas/p10029332,disney-2026-marvel-pyjamas,,
https://www.lidl.dk/p/culinea-gyros-af-grisekoed/p10025365,culinea-gyros-af-grisekoed,Culinea Gyros af grisekød,39.95
https://www.lidl.dk/p/vanish-oxi-action/p10029263,vanish-oxi-action,,
https://www.lidl.dk/p/vitasia-gyoza/p10029508,vitasia-gyoza,VITASIA Gyoza,20
https://www.lidl.dk/p/culinea-kyllingekebab-1-hjertet/p10025363,culinea-kyllingekebab-1-hjertet,Culinea Kyllingekebab (1-hjertet),29.95
https://www.lidl.dk/p/tuborg-classic-eller-pilsner/p10029564,tuborg-classic-eller-pilsner,TUBORG Classic eller pilsner,"69,-"
https://www.lidl.dk/p/vitasia-misosuppe/p10029511,vitasia-misosuppe,VITASIA Misosuppe,25
https://www.lidl.dk/p/alpenfest-wienerschnitzel/p10029277,alpenfest-wienerschnitzel,,
https://www.lidl.dk/p/parkside-dobbelt-koningsvaerktoej-eller-roerskaerer/p10029346,parkside-dobbelt-koningsvaerktoej-eller-roerskaerer,,
https://www.lidl.dk/p/alkoholfri-sauvignon-blanc-2022/p10015676,alkoholfri-sauvignon-blanc-2022,Alkoholfri Sauvignon Blanc 2022,"30,33"
https://www.lidl.dk/p/madvaerket-burgerboeffer/p10029235,madvaerket-burgerboeffer,,
https://www.lidl.dk/p/pecorino-terre-di-chieti/p139629,pecorino-terre-di-chieti,Pecorino Terre di Chieti,"30,33"
https://www.lidl.dk/p/madvaerket-skiveost/p10029238,madvaerket-skiveost,,
https://www.lidl.dk/p/ocean-sea-msc-groenlandsrejer-s/p10025369,ocean-sea-msc-groenlandsrejer-s,"Ocean Sea MSC Grønlandsrejer ""S""",43.95
https://www.lidl.dk/p/formil-basic-flydende-vaskemiddel-sk1-60wl/p10025515,formil-basic-flydende-vaskemiddel-sk1-60wl,Formil Basic Flydende vaskemiddel SK1 60WL,54.95
https://www.lidl.dk/p/mango/p10029229,mango,,
https://www.lidl.dk/p/les-cinq-rameaux-rose/p152772,les-cinq-rameaux-rose,Les Cinq Rameaux rosé,"30,33"
https://www.lidl.dk/p/alpenfest-ostefondue/p10029292,alpenfest-ostefondue,,
https://www.lidl.dk/p/rsa-merlot-eua/p34516,rsa-merlot-eua,RSA Merlot (EUA),"30,33"
https://www.lidl.dk/p/foraarsblomster-i-bakke/p10029390,foraarsblomster-i-bakke,,
https://www.lidl.dk/p/madvaerket-softkernerugbroed-med-hoerfroe/p10025501,madvaerket-softkernerugbroed-med-hoerfroe,MADVÆRKET Softkernerugbrød med hørfrø,16.95
https://www.lidl.dk/p/esmara-sokker/p10029375,esmara-sokker,,
https://www.lidl.dk/p/australsk-shiraz/p34497,australsk-shiraz,Australsk Shiraz,"30,33"
https://www.lidl.dk/p/chile-merlot-reserva-privada-2023/p10015670,chile-merlot-reserva-privada-2023,Chile Merlot Reserva Privada (2023),"30,33"
https://www.lidl.dk/p/nixe-msc-tun-i-olivenolie/p10025495,nixe-msc-tun-i-olivenolie,Nixe MSC Tun i olivenolie,14.95
https://www.lidl.dk/p/disney-body/p10029336,disney-body,,
https://www.lidl.dk/p/vitasia-udonnnudler/p10029521,vitasia-udonnnudler,VITASIA Udonnnudler,10
https://www.lidl.dk/p/favorina-fyldte-chokoladeaeg/p10029552,favorina-fyldte-chokoladeaeg,FAVORINA Fyldte chokoladeæg,30
https://www.lidl.dk/p/deluxe-troeffelpesto/p10029481,deluxe-troeffelpesto,DELUXE Trøffelpesto,18
https://www.lidl.dk/p/livarno-lux-led-paere/p10000148,livarno-lux-led-paere,LIVARNO LUX® LED-pære,"30,33"
https://www.lidl.dk/p/focaccia-med-kylling-og-jalapeno/p6504952,focaccia-med-kylling-og-jalapeno,Focaccia med kylling og jalapeno,"30,33"
https://www.lidl.dk/p/esmara-boxershorts-til-maend/p10029633,esmara-boxershorts-til-maend,ESMARA® Boxershorts til mænd,59
https://www.lidl.dk/p/dulano-bacon-i-strimler-roeget/p10025395,dulano-bacon-i-strimler-roeget,"Dulano Bacon i strimler, røget",22.95
https://www.lidl.dk/p/chil-malbec-res-privada-oa-2022/p10015668,chil-malbec-res-privada-oa-2022,Chil. Malbec Res. Privada (OA) 2022,"30,33"
https://www.lidl.dk/p/cien-balsam/p10025505,cien-balsam,Cien Balsam,13.95
https://www.lidl.dk/p/doussy-sensitive-skyllemiddel/p6500834,doussy-sensitive-skyllemiddel,Doussy sensitive skyllemiddel,"30,33"
https://www.lidl.dk/p/solevita-oekologisk-aeblejuice/p10029261,solevita-oekologisk-aeblejuice,,
https://www.lidl.dk/p/fashioncheque/p10000167,fashioncheque,Fashioncheque,300
https://www.lidl.dk/p/fin-carre-chokolade/p10029463,fin-carre-chokolade,FIN CARRÉ Chokolade,10
https://www.lidl.dk/p/rainforest-banan/p10029230,rainforest-banan,,
https://www.lidl.dk/p/alpenfest-tyrolerpoelser/p10029285,alpenfest-tyrolerpoelser,,
https://www.lidl.dk/p/aromata-aluminiumsfolie/p10029476,aromata-aluminiumsfolie,AROMATA Aluminiumsfolie,20
https://www.lidl.dk/p/spinat/p10029656,spinat,,
https://www.lidl.dk/p/prosecco-spumante-doc/p10000132,prosecco-spumante-doc,Prosecco Spumante DOC,"30,33"
https://www.lidl.dk/p/stroptoppe-undertroejer-ribtoppe-med-blonder-til-kvinder/p10029636,stroptoppe-undertroejer-ribtoppe-med-blonder-til-kvinder,"Stroptoppe, undertrøjer, ribtoppe med blonder til kvinder",59
https://www.lidl.dk/p/livarno-koekkenkniv/p10029360,livarno-koekkenkniv,,
https://www.lidl.dk/p/alpenfest-cheesecake/p10029303,alpenfest-cheesecake,,
https://www.lidl.dk/p/esmara-finstrikket-pullover/p10029380,esmara-finstrikket-pullover,,
https://www.lidl.dk/p/rch-cabernet-sauvignon-eua/p10000069,rch-cabernet-sauvignon-eua,RCH Cabernet Sauvignon (EUA),"30,33"
https://www.lidl.dk/p/nixe-msc-tun-i-vand-atg102g/p10025493,nixe-msc-tun-i-vand-atg102g,Nixe MSC Tun i vand (ATG102g),9.95
https://www.lidl.dk/p/silvercrest-skaerebraet/p10029357,silvercrest-skaerebraet,,
https://www.lidl.dk/p/parkside-vde-skruetraekkersaet/p10029612,parkside-vde-skruetraekkersaet,PARKSIDE® VDE-skruetrækkersæt,30
https://www.lidl.dk/p/marabou-chokolade/p10029415,marabou-chokolade,,
https://www.lidl.dk/p/alpenfest-knodel/p10029282,alpenfest-knodel,,
https://www.lidl.dk/p/deluxe-tiramisu-eller-profiteroles/p10029274,deluxe-tiramisu-eller-profiteroles,,
https://www.lidl.dk/p/silvercrest-wok-af-stoebt-aluminium/p10029573,silvercrest-wok-af-stoebt-aluminium,SILVERCREST® Wok af støbt aluminium,129
https://www.lidl.dk/p/tastino-tynde-knaekbroed/p10025497,tastino-tynde-knaekbroed,Tastino Tynde knækbrød,16.95
https://www.lidl.dk/p/dagmartaerte/p7135,dagmartaerte,Dagmartærte,"30,33"
https://www.lidl.dk/p/aus-prem-chardonn-limest-eua-2023/p10015665,aus-prem-chardonn-limest-eua-2023,AUS Prem Chardonn Limest (EUA) 2023,"30,33"
https://www.lidl.dk/p/danske-kartofler/p10029438,danske-kartofler,Danske kartofler,18
https://www.lidl.dk/p/parkside-arbejdsbukser/p10029600,parkside-arbejdsbukser,PARKSIDE® Arbejdsbukser,99
https://www.lidl.dk/p/mars-mondelez-snickers-mars-eller-daim/p10029412,mars-mondelez-snickers-mars-eller-daim,,
https://www.lidl.dk/p/madvaerket-grovvalsede-havregryn/p10025477,madvaerket-grovvalsede-havregryn,MADVÆRKET Grovvalsede havregryn,12.95
https://www.lidl.dk/p/kyllingepoelsehorn/p6505020,kyllingepoelsehorn,Kyllingepølsehorn,"30,33"
https://www.lidl.dk/p/deluxe-chokoladekager/p10029273,deluxe-chokoladekager,,
https://www.lidl.dk/p/oeko-broed-med-rug-og-solsikkekerne/p155315,oeko-broed-med-rug-og-solsikkekerne,Øko brød med rug og solsikkekerne,"30,33"
https://www.lidl.dk/p/mateus-rose/p10015873,mateus-rose,Mateus Rosé,"30,33"
https://www.lidl.dk/p/milbona-sodergarden-smoerbar/p10025451,milbona-sodergarden-smoerbar,Milbona Södergarden smørbar,15.95
https://www.lidl.dk/p/silvercrest-elektrisk-kaffekvaern/p10029391,silvercrest-elektrisk-kaffekvaern,,
https://www.lidl.dk/p/crivit-loebetights/p10029589,crivit-loebetights,CRIVIT® Løbetights,59
https://www.lidl.dk/p/parkside-kultiveringssaet/p10029607,parkside-kultiveringssaet,PARKSIDE® Kultiveringssæt,50
https://www.lidl.dk/p/de-danske-familiegaarde-hel-kylling-i-stegepose/p10029234,de-danske-familiegaarde-hel-kylling-i-stegepose,,
https://www.lidl.dk/p/alpenfest-floedeost/p10029290,alpenfest-floedeost,,
https://www.lidl.dk/p/alpenfest-skinke/p10029286,alpenfest-skinke,,
https://www.lidl.dk/p/groen-plante-i-skjuler/p10029387,groen-plante-i-skjuler,,
https://www.lidl.dk/p/australsk-cabernet-sauvignon/p34524,australsk-cabernet-sauvignon,Australsk Cabernet Sauvignon,"30,33"
https://www.lidl.dk/p/combino-tagliatelle-pasta-korte/p10025485,combino-tagliatelle-pasta-korte,Combino Tagliatelle pasta korte,12.95
https://www.lidl.dk/p/spandauer/p156103,spandauer,Spandauer,"30,33"
https://www.lidl.dk/p/tuborg-classic-eller-pilsner/p10029560,tuborg-classic-eller-pilsner,TUBORG Classic eller pilsner,75
https://www.lidl.dk/p/lupilu-bleer-tubes-xl-str-6/p138089,lupilu-bleer-tubes-xl-str-6,Lupilu Bleer tubes XL str. 6,"30,33"
https://www.lidl.dk/p/parkside-afisoleringstang-og-crimptangsaet/p10029614,parkside-afisoleringstang-og-crimptangsaet,PARKSIDE® Afisoleringstang- og crimptangsæt,79
https://www.lidl.dk/p/liebfraumilch-pfalz-rhh-8-5-2022/p10015700,liebfraumilch-pfalz-rhh-8-5-2022,"Liebfraumilch Pfalz/Rhh. 8,5% 2022","30,33"
https://www.lidl.dk/p/san-valentin-parellada/p10015671,san-valentin-parellada,San Valentin Parellada,"30,33"
https://www.lidl.dk/p/italiensk-krydderurt-i-terrakottakrukke/p10029381,italiensk-krydderurt-i-terrakottakrukke,,
https://www.lidl.dk/p/danish-crown-burger-boost/p10029448,danish-crown-burger-boost,DANISH CROWN Burger Boost,39
https://www.lidl.dk/p/sangria-12-alc/p10015699,sangria-12-alc,Sangria 12% alc.,"30,33"
https://www.lidl.dk/p/oeko-bianco-terre-sicilia/p120824,oeko-bianco-terre-sicilia,Øko Bianco Terre Sicilia,"30,33"
https://www.lidl.dk/p/rsa-chenin-blanc-aargang-2024/p10015666,rsa-chenin-blanc-aargang-2024,RSA Chenin Blanc årgang 2024,"30,33"
https://www.lidl.dk/p/favorina-massive-chokoladeaeg/p10029553,favorina-massive-chokoladeaeg,FAVORINA Massive chokoladeæg,39
https://www.lidl.dk/p/dansk-roed-aeble/p10029434,dansk-roed-aeble,Dansk rød æble,2
https://www.lidl.dk/p/livarno-koekkenredskaber/p10029392,livarno-koekkenredskaber,,
https://www.lidl.dk/p/chilensk-merlot/p10000028,chilensk-merlot,Chilensk Merlot,"30,33"
https://www.lidl.dk/p/brezel/p95664,brezel,Brezel,"30,33"
https://www.lidl.dk/p/combino-pasta-i-bronzeform-hwg-sk1/p10025487,combino-pasta-i-bronzeform-hwg-sk1,Combino Pasta i bronzeform HWG SK1,11.95
https://www.lidl.dk/p/smoercroissant/p10029566,smoercroissant,Smørcroissant,5
https://www.lidl.dk/p/crelando-lcd-skrivetavle/p10029350,crelando-lcd-skrivetavle,,
https://www.lidl.dk/p/rsa-pinotage-eua/p10000072,rsa-pinotage-eua,RSA Pinotage (EUA),"30,33"
https://www.lidl.dk/p/boerneaebler/p10029653,boerneaebler,,
https://www.lidl.dk/p/nzl-pinot-noir-hawkeys-bay-eua/p10015673,nzl-pinot-noir-hawkeys-bay-eua,NZL Pinot Noir Hawkeys Bay (EUA),"30,33"
https://www.lidl.dk/p/chardonnay-terre-siciliane-igp/p63293,chardonnay-terre-siciliane-igp,Chardonnay Terre Siciliane IGP,"30,33"
https://www.lidl.dk/p/kims-chips/p10029544,kims-chips,KIMS Chips,15
https://www.lidl.dk/p/moellehjul/p56221,moellehjul,Møllehjul,"30,33"
https://www.lidl.dk/p/silvercrest-indkoebstrolley/p10029354,silvercrest-indkoebstrolley,,
https://www.lidl.dk/p/paalaegsslagteren-bacontern-eller-leverpostej/p10029456,paalaegsslagteren-bacontern-eller-leverpostej,PÅLÆGSSLAGTEREN Bacontern eller leverpostej,12
https://www.lidl.dk/p/culinea-paneret-schnitzel-af-grisekam/p10029532,culinea-paneret-schnitzel-af-grisekam,CULINEA Paneret schnitzel af grisekam,25
https://www.lidl.dk/p/ostebolle/p10029442,ostebolle,Ostebolle,6
https://www.lidl.dk/p/crivit-kortaermet-loebetroeje/p10029586,crivit-kortaermet-loebetroeje,CRIVIT® Kortærmet løbetrøje,40
https://www.lidl.dk/p/paaskeliljer/p10029385,paaskeliljer,,
https://www.lidl.dk/p/spangsberg-paaskeslik/p10029550,spangsberg-paaskeslik,SPANGSBERG Påskeslik,20
https://www.lidl.dk/p/deluxe-fyldte-tortelloni/p10029480,deluxe-fyldte-tortelloni,DELUXE Fyldte tortelloni,15
https://www.lidl.dk/p/madvaerket-frugtyoghurt-paere-banan-3-1/p10025415,madvaerket-frugtyoghurt-paere-banan-3-1,"MADVÆRKET Frugtyoghurt pære/banan 3,1%",15.95
https://www.lidl.dk/p/alpenfest-spatzle/p10029278,alpenfest-spatzle,,
https://www.lidl.dk/p/rustik-moerk-baguette/p129254,rustik-moerk-baguette,Rustik mørk baguette,"30,33"
https://www.lidl.dk/p/parkside-bore-og-mejselhammer/p10029651,parkside-bore-og-mejselhammer,PARKSIDE® Bore- og mejselhammer,"299,-"
https://www.lidl.dk/p/valpolicella-ripasso-classico-superiore/p10013311,valpolicella-ripasso-classico-superiore,Valpolicella Ripasso Classico Superiore,"30,33"
https://www.lidl.dk/p/deluxe-luksusisdessert/p10029487,deluxe-luksusisdessert,DELUXE Luksusisdessert,49
https://www.lidl.dk/p/milbona-graesk-inspireret-yoghurt-10/p10025401,milbona-graesk-inspireret-yoghurt-10,Milbona Græsk inspireret yoghurt 10%,31.95
https://www.lidl.dk/p/chile-chardonnay-bib/p146103,chile-chardonnay-bib,Chile Chardonnay BiB,"30,33"
https://www.lidl.dk/p/kamelia/p10029644,kamelia,Kamelia,99
https://www.lidl.dk/p/pritt-lim/p10029319,pritt-lim,,
https://www.lidl.dk/p/cotes-du-rhone-aop-generique-2023/p10015705,cotes-du-rhone-aop-generique-2023,Côtes du Rhône AOP Générique 2023,"30,33"
https://www.lidl.dk/p/livarno-dekorative-vaegfliser/p10029362,livarno-dekorative-vaegfliser,,
https://www.lidl.dk/p/riesling-alsace-2019/p5600017,riesling-alsace-2019,Riesling Alsace 2019,"30,33"
https://www.lidl.dk/p/vitasia-japansk-inspireret-yoghurt/p10029494,vitasia-japansk-inspireret-yoghurt,VITASIA Japansk-inspireret yoghurt,5
https://www.lidl.dk/p/belbake-hvedemel-med-12-protein/p10025475,belbake-hvedemel-med-12-protein,Belbake Hvedemel med 12% protein,14.95
https://www.lidl.dk/p/bic-farvetusser/p10029322,bic-farvetusser,,
https://www.lidl.dk/p/duca-di-sasseta-serpasso-toscana-ro/p112798,duca-di-sasseta-serpasso-toscana-ro,Duca di Sasseta Serpasso Toscana Ro,"30,33"
https://www.lidl.dk/p/mammen-hytteost/p10029240,mammen-hytteost,,
https://www.lidl.dk/p/italiamo-pizzamel/p10025473,italiamo-pizzamel,Italiamo Pizzamel,12.95
https://www.lidl.dk/p/gelatelli-premium-ispinde/p10029421,gelatelli-premium-ispinde,,
https://www.lidl.dk/p/dulano-paalaeg/p10029457,dulano-paalaeg,DULANO Pålæg,12
https://www.lidl.dk/p/rioja-doca-reserva-2019/p10015682,rioja-doca-reserva-2019,Rioja DOCa Reserva 2019,"30,33"
https://www.lidl.dk/p/medjool-dadler/p10029655,medjool-dadler,,
https://www.lidl.dk/p/lookolook-sliksushi/p10029500,lookolook-sliksushi,LOOKOLOOK Sliksushi,25
https://www.lidl.dk/p/paalaegsslagteren-kartoffelspegepoelse/p10025381,paalaegsslagteren-kartoffelspegepoelse,Pålægsslagteren Kartoffelspegepølse,29.95
https://www.lidl.dk/p/vemondo-vegansk-steak/p10025553,vemondo-vegansk-steak,Vemondo Vegansk steak,24.95
https://www.lidl.dk/p/vitasia-gyozasauce/p10029510,vitasia-gyozasauce,VITASIA Gyozasauce,15
https://www.lidl.dk/p/ocean-sea-fiskepinde-af-sejfilet/p10029253,ocean-sea-fiskepinde-af-sejfilet,,
https://www.lidl.dk/p/milbona-mini-mozzarella-classic/p10025435,milbona-mini-mozzarella-classic,Milbona Mini mozzarella Classic,14.95
https://www.lidl.dk/p/noora-skyllemiddel/p10029479,noora-skyllemiddel,NOORA Skyllemiddel,12
https://www.lidl.dk/p/hvidvin-soed-2023/p10015690,hvidvin-soed-2023,Hvidvin sød (2023),"30,33"
https://www.lidl.dk/p/parkside-bore-og-mejselhammer/p10029621,parkside-bore-og-mejselhammer,PARKSIDE® Bore- og mejselhammer,399
https://www.lidl.dk/p/favorina-gloegg/p10005943,favorina-gloegg,Favorina gløgg,"30,33"
https://www.lidl.dk/p/danish-crown-cote-de-boeuf/p10029526,danish-crown-cote-de-boeuf,DANISH CROWN Cote de boeuf,89
https://www.lidl.dk/p/vilstrupgaard-hakket-oksekoed-8-12-400g/p10025547,vilstrupgaard-hakket-oksekoed-8-12-400g,Vilstrupgård Hakket oksekød 8-12% 400g,47.95
https://www.lidl.dk/p/bio-for-2/p10000165,bio-for-2,Bio for 2,299
https://www.lidl.dk/p/champagne-comte-de-brismand/p10005998,champagne-comte-de-brismand,Champagne Comte De Brismand,"30,33"
https://www.lidl.dk/p/kinder-maelkesnitter/p10029239,kinder-maelkesnitter,,
https://www.lidl.dk/p/jes-collection-koekkenartikler/p10029393,jes-collection-koekkenartikler,,
https://www.lidl.dk/p/bellarom-formalet-kaffe-100-arabica/p10025469,bellarom-formalet-kaffe-100-arabica,Bellarom Formalet kaffe 100% arabica,54.95
https://www.lidl.dk/p/snickers-eller-twix/p10029546,snickers-eller-twix,Snickers eller Twix,29
https://www.lidl.dk/p/silvercrest-gateway/p10000143,silvercrest-gateway,SILVERCREST® Gateway,"30,33"
https://www.lidl.dk/p/vilstrupgaard-hakket-gris-og-kalv-eller-gris/p10029432,vilstrupgaard-hakket-gris-og-kalv-eller-gris,VILSTRUPGÅRD Hakket gris og kalv eller gris,"12,-"
https://www.lidl.dk/p/lunchbite-med-tomat-og-ost/p144726,lunchbite-med-tomat-og-ost,Lunchbite med tomat og ost,"30,33"
https://www.lidl.dk/p/milbona-tex-mex-ost/p10025443,milbona-tex-mex-ost,Milbona Tex Mex ost,17.95
https://www.lidl.dk/p/madvaerket-minimaelk-0-4/p10025455,madvaerket-minimaelk-0-4,"MADVÆRKET Minimælk 0,4%",11.5
https://www.lidl.dk/p/paaskeliljer/p10029641,paaskeliljer,Påskeliljer,35
https://www.lidl.dk/p/dulano-belgisk-pate/p10029242,dulano-belgisk-pate,,
https://www.lidl.dk/p/vitasia-yuzumousse/p10029497,vitasia-yuzumousse,VITASIA Yuzumousse,30
https://www.lidl.dk/p/chef-select-sandwich/p10029307,chef-select-sandwich,,
https://www.lidl.dk/p/confiserie-frenze-glutenfri-muffins/p10029472,confiserie-frenze-glutenfri-muffins,CONFISERIE FRENZE Glutenfri muffins,20
https://www.lidl.dk/p/nzl-pinot-noir-marlb-eua-2019/p10000138,nzl-pinot-noir-marlb-eua-2019,NZL Pinot Noir Marlb. (EUA) (2019),"30,33"
https://www.lidl.dk/p/spansk-tempranillo-cabernet-sauvignon-bib/p115461,spansk-tempranillo-cabernet-sauvignon-bib,Spansk Tempranillo/Cabernet Sauvignon BiB,"30,33"
https://www.lidl.dk/p/floralys-toiletpapir/p10029264,floralys-toiletpapir,,
https://www.lidl.dk/p/livarno-lux-led-baand/p10000146,livarno-lux-led-baand,LIVARNO LUX® LED-bånd,"30,33"
https://www.lidl.dk/p/amanie-sukkerfrie-halspastiller/p10029545,amanie-sukkerfrie-halspastiller,AMANIE Sukkerfrie halspastiller,8
https://www.lidl.dk/p/paaskeliljer/p10029382,paaskeliljer,,
https://www.lidl.dk/p/castello-floejl-eller-blaaskimmelost/p10029537,castello-floejl-eller-blaaskimmelost,CASTELLO Fløjl eller blåskimmelost,20
https://www.lidl.dk/p/cal-chardonnay/p97313,cal-chardonnay,Cal. Chardonnay,"30,33"
https://www.lidl.dk/p/palatium-riesling-halvtoer/p10015674,palatium-riesling-halvtoer,Palatium Riesling halvtør,"30,33"
https://www.lidl.dk/p/madvaerket-danbo-ost/p10029405,madvaerket-danbo-ost,,
https://www.lidl.dk/p/vitasia-kyllingespyd-med-teriyaki/p10029519,vitasia-kyllingespyd-med-teriyaki,VITASIA Kyllingespyd med teriyaki,20
https://www.lidl.dk/p/vemondo-mandel-havre-eller-sojadrik/p10029469,vemondo-mandel-havre-eller-sojadrik,"VEMONDO Mandel-, havre- eller sojadrik",10
https://www.lidl.dk/p/broccoli/p10029414,broccoli,,
https://www.lidl.dk/p/penalhus/p10029309,penalhus,,
https://www.lidl.dk/p/spatburgunder-bade-eller-riesling-og-weinburgunder/p10029293,spatburgunder-bade-eller-riesling-og-weinburgunder,,
https://www.lidl.dk/p/rsa-fairtrade-shiraz-eua-2023/p10015680,rsa-fairtrade-shiraz-eua-2023,RSA Fairtrade Shiraz [EUA] 2023,"30,33"
https://www.lidl.dk/p/cimarosa-western-cape-rose-sydafrika/p141042,cimarosa-western-cape-rose-sydafrika,"Cimarosa Western Cape Rosé, Sydafrika","30,33"
https://www.lidl.dk/p/frokost/p10000161,frokost,Frokost,299
https://www.lidl.dk/p/kong-strong-energidrik/p10029411,kong-strong-energidrik,,
https://www.lidl.dk/p/silvercrest-mikroboelgeovn/p10029355,silvercrest-mikroboelgeovn,,
https://www.lidl.dk/p/barolo-docg/p10000015,barolo-docg,Barolo DOCG,"30,33"
https://www.lidl.dk/p/ocean-sea-msc-groenlandsrejer-xl/p10025367,ocean-sea-msc-groenlandsrejer-xl,"Ocean Sea MSC Grønlandsrejer ""XL""",44.95
https://www.lidl.dk/p/secco-rosato/p54772,secco-rosato,Secco rosato,"30,33"
https://www.lidl.dk/p/vilstrupgaard-hakket-gris-og-kalv-eller-gris/p10029445,vilstrupgaard-hakket-gris-og-kalv-eller-gris,VILSTRUPGÅRD Hakket gris og kalv eller gris,15
https://www.lidl.dk/p/den-groenne-slagter-paalaeg/p10029225,den-groenne-slagter-paalaeg,,
https://www.lidl.dk/p/madvaerket-kyllingepoelser/p10029433,madvaerket-kyllingepoelser,MADVÆRKET Kyllingepølser,"12,-"
https://www.lidl.dk/p/madvaerket-yoghurt-naturel-1-5/p10025407,madvaerket-yoghurt-naturel-1-5,"MADVÆRKET Yoghurt naturel 1,5%",14.95
https://www.lidl.dk/p/roede-kernefri-vindruer/p10029430,roede-kernefri-vindruer,Røde kernefri vindruer,15
https://www.lidl.dk/p/madvaerket-floede-36/p10025461,madvaerket-floede-36,MADVÆRKET Fløde 36%,27.95
https://www.lidl.dk/p/laschinger-hel-lakseside/p10029559,laschinger-hel-lakseside,LASCHINGER Hel lakseside,75
https://www.lidl.dk/p/australsk-chardonnay-colombard/p10000005,australsk-chardonnay-colombard,Australsk Chardonnay Colombard,"30,33"
https://www.lidl.dk/p/parkside-minidrivhus/p10029608,parkside-minidrivhus,PARKSIDE® Minidrivhus,199
https://www.lidl.dk/p/san-valentin/p10015339,san-valentin,San Valentin,49
https://www.lidl.dk/p/quaker-guldkorn-rug-eller-havrefras/p10029257,quaker-guldkorn-rug-eller-havrefras,,
https://www.lidl.dk/p/merlot-igp-d-oc-toer-2022/p10015669,merlot-igp-d-oc-toer-2022,Merlot IGP d'OC tør (2022),"30,33"
https://www.lidl.dk/p/esmara-finribbede-tanktoppe-til-maend/p10029631,esmara-finribbede-tanktoppe-til-maend,ESMARA® Finribbede tanktoppe til mænd,59
https://www.lidl.dk/p/comte-de-brismand-champagne/p30823,comte-de-brismand-champagne,"Comte de Brismand, Champagne","30,33"
https://www.lidl.dk/p/lupilu-baby-pants-junior-big-str-6/p139324,lupilu-baby-pants-junior-big-str-6,Lupilu Baby pants junior big str. 6,"30,33"
https://www.lidl.dk/p/lupilu-bleer-tubes-midi-str-3/p13808400,lupilu-bleer-tubes-midi-str-3,Lupilu Bleer tubes midi str. 3,"30,33"
https://www.lidl.dk/p/livarno-lux-led-paere/p10000149,livarno-lux-led-paere,LIVARNO LUX® LED-pære,"30,33"
https://www.lidl.dk/p/danske-kartofler/p10029223,danske-kartofler,,
https://www.lidl.dk/p/milbona-skyr-med-frugt-sk3/p10025417,milbona-skyr-med-frugt-sk3,Milbona Skyr med frugt SK3,15.95
https://www.lidl.dk/p/nautica-roeget-eller-gravad-laks/p10029455,nautica-roeget-eller-gravad-laks,NAUTICA Røget eller gravad laks,25
https://www.lidl.dk/p/bredbladet-persille/p10029657,bredbladet-persille,,
https://www.lidl.dk/p/ruby-portvin-19/p10015709,ruby-portvin-19,Ruby Portvin 19%,"30,33"
https://www.lidl.dk/p/disney-leggings/p10029326,disney-leggings,,
https://www.lidl.dk/p/baguette/p10029439,baguette,Baguette,5
https://www.lidl.dk/p/loyd-matcha/p10029493,loyd-matcha,LOYD Matcha,39
https://www.lidl.dk/p/chef-select-kyllingebrystfilet-i-strimler/p10025377,chef-select-kyllingebrystfilet-i-strimler,Chef Select Kyllingebrystfilet i strimler,19.95
https://www.lidl.dk/p/harvest-basket-kartoffelroesti/p10029534,harvest-basket-kartoffelroesti,HARVEST BASKET Kartoffelrøsti,20
https://www.lidl.dk/p/esmara-ribbustier-med-blonder/p10029639,esmara-ribbustier-med-blonder,ESMARA® Ribbustier med blonder,40
https://www.lidl.dk/p/braendende-kaerlighed/p10029389,braendende-kaerlighed,,
https://www.lidl.dk/p/paaskeberliner/p10029237,paaskeberliner,,
https://www.lidl.dk/p/groft-hvedebroed/p92777,groft-hvedebroed,Groft hvedebrød,"30,33"
https://www.lidl.dk/p/ticketmaster/p10000166,ticketmaster,Ticketmaster,200
https://www.lidl.dk/p/w5-saksesaet/p10029359,w5-saksesaet,,
https://www.lidl.dk/p/vitasia-yakitorikyllingespyd/p10029515,vitasia-yakitorikyllingespyd,,
https://www.lidl.dk/p/milbona-fruit-king/p10025409,milbona-fruit-king,Milbona Fruit-King,17.95
https://www.lidl.dk/p/fredsted-chai-latte/p10029466,fredsted-chai-latte,FREDSTED Chai latte,20
https://www.lidl.dk/p/alpenfest-saltstaenger-og-pretzels/p10029300,alpenfest-saltstaenger-og-pretzels,,
https://www.lidl.dk/p/peuceta-primitivo-igp-puglia/p120444,peuceta-primitivo-igp-puglia,Peuceta Primitivo IGP Puglia,"30,33"
https://www.lidl.dk/p/parkside-isolerbaand/p10029617,parkside-isolerbaand,PARKSIDE® Isolerbånd,10
https://www.lidl.dk/p/vaniljedonut/p4952,vaniljedonut,Vaniljedonut,"30,33"
https://www.lidl.dk/p/chardonnay-pays-d-oc-igp/p29145,chardonnay-pays-d-oc-igp,Chardonnay Pays d`Oc IGP,"30,33"
https://www.lidl.dk/p/nzl-pinot-gris-gisborne-eua-2023/p10015672,nzl-pinot-gris-gisborne-eua-2023,NZL Pinot Gris Gisborne (EUA) 2023,"30,33"
https://www.lidl.dk/p/bic-skriveartikler/p10029318,bic-skriveartikler,,
https://www.lidl.dk/p/crelando-skolerygsaek/p10029313,crelando-skolerygsaek,,
https://www.lidl.dk/p/cien-skaelshampoo-sk2/p10025503,cien-skaelshampoo-sk2,Cien Skælshampoo SK2,14.95
https://www.lidl.dk/p/milbona-letsaltet-smoer/p10025449,milbona-letsaltet-smoer,Milbona Letsaltet smør,25.95
https://www.lidl.dk/p/madvaerket-piskefloede/p10029525,madvaerket-piskefloede,MADVÆRKET Piskefløde,"22,-"
https://www.lidl.dk/p/vitasia-noritang/p10029501,vitasia-noritang,VITASIA Noritang,12
https://www.lidl.dk/p/vilstrupgaard-stegeflaesk/p10029527,vilstrupgaard-stegeflaesk,VILSTRUPGÅRD Stegeflæsk,55
https://www.lidl.dk/p/pain-au-chocolat/p57732,pain-au-chocolat,Pain au chocolat,"30,33"
https://www.lidl.dk/p/lupilu-oeko-frugtsmoothie/p131920,lupilu-oeko-frugtsmoothie,Lupilu Øko frugtsmoothie,"30,33"
https://www.lidl.dk/p/hvidvin-spanien-bib/p115634,hvidvin-spanien-bib,Hvidvin Spanien - BiB,"30,33"
https://www.lidl.dk/p/sydafrika-chenin-blanc-bib/p133554,sydafrika-chenin-blanc-bib,Sydafrika Chenin Blanc BiB,"30,33"
https://www.lidl.dk/p/ocean-sea-msc-alaska-sej/p10025371,ocean-sea-msc-alaska-sej,Ocean Sea MSC Alaska Sej,74.95
https://www.lidl.dk/p/chef-select-kyllingebrystfilet-i-strimler-sk1/p10025375,chef-select-kyllingebrystfilet-i-strimler-sk1,Chef Select Kyllingebrystfilet i strimler SK1,18.95
https://www.lidl.dk/p/chile-cabernet-sauvignon/p22604,chile-cabernet-sauvignon,Chile Cabernet Sauvignon,"30,33"
https://www.lidl.dk/p/tulipaner/p10029383,tulipaner,,
https://www.lidl.dk/p/esmara-leggings/p10029376,esmara-leggings,,
https://www.lidl.dk/p/green-dates-slikdadler/p10029250,green-dates-slikdadler,,
https://www.lidl.dk/p/dulano-salami-af-kalkun-kylling/p10025383,dulano-salami-af-kalkun-kylling,Dulano Salami af kalkun/kylling,10.95
https://www.lidl.dk/p/paalaegsslagteren-fransk-leverpostej/p10025373,paalaegsslagteren-fransk-leverpostej,Pålægsslagteren Fransk leverpostej,9.95
https://www.lidl.dk/p/tastino-haandvaerkere-eller-blandede-rundstykker/p10029538,tastino-haandvaerkere-eller-blandede-rundstykker,TASTINO Håndværkere eller blandede rundstykker,12
https://www.lidl.dk/p/silvercrest-koeleskabsbeholder-eller-kasser/p10029394,silvercrest-koeleskabsbeholder-eller-kasser,,
https://www.lidl.dk/p/alkoholfri-chardonnay/p144683,alkoholfri-chardonnay,Alkoholfri Chardonnay,"30,33"
https://www.lidl.dk/p/lupilu-oekologiske-boernekiks/p120308,lupilu-oekologiske-boernekiks,Lupilu Økologiske børnekiks,"30,33"
https://www.lidl.dk/p/chef-select-salatblanding/p10029403,chef-select-salatblanding,,
https://www.lidl.dk/p/madvaerket-yoghurt-naturel-3-5/p10025403,madvaerket-yoghurt-naturel-3-5,"MADVÆRKET Yoghurt naturel 3,5%",15.95
https://www.lidl.dk/p/alesto-dadler/p10029464,alesto-dadler,ALESTO Dadler,12
https://www.lidl.dk/p/w5-haengende-affaldsspand-til-skabslaager/p10029369,w5-haengende-affaldsspand-til-skabslaager,,
https://www.lidl.dk/p/formil-flydende-vaskemiddel-sk3-44wl/p10025519,formil-flydende-vaskemiddel-sk3-44wl,Formil Flydende vaskemiddel SK3 44WL,44.95
https://www.lidl.dk/p/aus-shiraz-eua/p344976,aus-shiraz-eua,AUS Shiraz (EUA),"30,33"
https://www.lidl.dk/p/chef-select-glutenfri-tortellini/p10029473,chef-select-glutenfri-tortellini,CHEF SELECT Glutenfri tortellini,25
https://www.lidl.dk/p/rosevin-soed-2023/p10015691,rosevin-soed-2023,Rosévin sød 2023,"30,33"
https://www.lidl.dk/p/milbona-kakaosnack/p10025423,milbona-kakaosnack,Milbona Kakaosnack,15.95
https://www.lidl.dk/p/parkside-murerredskab/p10029619,parkside-murerredskab,PARKSIDE® Murerredskab,25
https://www.lidl.dk/p/crelando-selvklaebende-huskesedler/p10029317,crelando-selvklaebende-huskesedler,,
https://www.lidl.dk/p/favorina-traestamme/p10029554,favorina-traestamme,FAVORINA Træstamme,20
https://www.lidl.dk/p/oekologisk-dominio-valor-organic-eller-bianci-di-sicilia/p10029529,oekologisk-dominio-valor-organic-eller-bianci-di-sicilia,Økologisk Dominio Valor Organic eller Bianci di Sicilia,35
https://www.lidl.dk/p/livarno-pudebetraek-til-multipude/p10029582,livarno-pudebetraek-til-multipude,LIVARNO® Pudebetræk til multipude,30
https://www.lidl.dk/p/lupilu-baby-pants-junior-str-5/p139323,lupilu-baby-pants-junior-str-5,Lupilu Baby pants junior str. 5,"30,33"
https://www.lidl.dk/p/dulano-selection-chorizo-ekstra-i-skiver/p10025385,dulano-selection-chorizo-ekstra-i-skiver,Dulano Selection Chorizo ekstra i skiver,16.95
https://www.lidl.dk/p/riberhus-ost/p10029561,riberhus-ost,RIBERHUS Ost,69
https://www.lidl.dk/p/vitasia-gyoza-med-rejer/p10029507,vitasia-gyoza-med-rejer,VITASIA Gyoza med rejer,40
https://www.lidl.dk/p/naturis-aeble-mango-juice-15-1l/p10025431,naturis-aeble-mango-juice-15-1l,"Naturis Æble/mango juice 15%, 1l",20.95
https://www.lidl.dk/p/crodot/p159136,crodot,CroDot,"30,33"
https://www.lidl.dk/p/livarno-doermaatte/p10029575,livarno-doermaatte,LIVARNO® Dørmåtte,20
https://www.lidl.dk/p/parkside-arbejdshandsker/p10029598,parkside-arbejdshandsker,PARKSIDE® Arbejdshandsker,20
https://www.lidl.dk/p/fladbroed-med-sesamfroe-og-nigella-froe/p6902979,fladbroed-med-sesamfroe-og-nigella-froe,Fladbrød med sesamfrø og nigella-frø,"30,33"
https://www.lidl.dk/p/tulip-bacon-i-skiver-eller-tern/p10029422,tulip-bacon-i-skiver-eller-tern,,
https://www.lidl.dk/p/alpenfest-sachertorte/p10029281,alpenfest-sachertorte,,
https://www.lidl.dk/p/vilstrupgaard-kyllingelaarfilet/p10025543,vilstrupgaard-kyllingelaarfilet,Vilstrupgård Kyllingelårfilet,34.95
https://www.lidl.dk/p/parkside-gevindvaerktoejssaet/p10029348,parkside-gevindvaerktoejssaet,,
https://www.lidl.dk/p/rose-kyllingekraaser-eller-lever/p10029245,rose-kyllingekraaser-eller-lever,,
https://www.lidl.dk/p/parkside-forkultiveringstilbehoer/p10029604,parkside-forkultiveringstilbehoer,PARKSIDE® Forkultiveringstilbehør,25
https://www.lidl.dk/p/californien-zinfandel-rose/p10015684,californien-zinfandel-rose,Californien Zinfandel rosé,"30,33"
https://www.lidl.dk/p/madvaerket-traditionelle-havregryn/p10025479,madvaerket-traditionelle-havregryn,MADVÆRKET Traditionelle havregryn,8.95
https://www.lidl.dk/p/parkside-drivhus/p10029610,parkside-drivhus,PARKSIDE® Drivhus,399
https://www.lidl.dk/p/lupilu-sensitive-zinksalve/p6503519,lupilu-sensitive-zinksalve,Lupilu Sensitive zinksalve,"30,33"
https://www.lidl.dk/p/parkside-justerbar-loddestation/p10029616,parkside-justerbar-loddestation,PARKSIDE® Justerbar loddestation,99
https://www.lidl.dk/p/crivit-traeningstroeje/p10029585,crivit-traeningstroeje,CRIVIT® Træningstrøje,59
https://www.lidl.dk/p/opstammet-citrusplante/p10029648,opstammet-citrusplante,Opstammet citrusplante,229
https://www.lidl.dk/p/gelatelli-crisp-n-cake-eller-isvafler/p10029542,gelatelli-crisp-n-cake-eller-isvafler,GELATELLI Crisp ‘N’ Cake eller isvafler,25
https://www.lidl.dk/p/crelando-etiketteringsmaskine/p10029312,crelando-etiketteringsmaskine,,
https://www.lidl.dk/p/disney-jeans/p10029329,disney-jeans,,
https://www.lidl.dk/p/vitasia-tartufo-is-med-matcha/p10029495,vitasia-tartufo-is-med-matcha,VITASIA Tartufo-is med matcha,18
https://www.lidl.dk/p/fratelli-felici-rosso-grande/p10015876,fratelli-felici-rosso-grande,Fratelli Felici Rosso Grande,"30,33"
https://www.lidl.dk/p/jw-spatburgunder-baden-qba-rose/p10015681,jw-spatburgunder-baden-qba-rose,JW Spätburgunder Baden QbA rosé,"30,33"
https://www.lidl.dk/p/orientalsk-lilje/p10029647,orientalsk-lilje,Orientalsk lilje,45
https://www.lidl.dk/p/deluxe-pate-tapas/p10029272,deluxe-pate-tapas,,
https://www.lidl.dk/p/deluxe-kartoffelgratin/p10029491,deluxe-kartoffelgratin,DELUXE Kartoffelgratin,25
https://www.lidl.dk/p/madvaerket-letmaelk-1-5/p10025453,madvaerket-letmaelk-1-5,"MADVÆRKET Letmælk 1,5%",11.95
https://www.lidl.dk/p/alpenfest-schlutzkrapfen/p10029279,alpenfest-schlutzkrapfen,,
https://www.lidl.dk/p/vitasia-rejetapas/p10029518,vitasia-rejetapas,VITASIA Rejetapas,20
https://www.lidl.dk/p/lupilu-vattepads/p13069301,lupilu-vattepads,Lupilu Vattepads,"30,33"
https://www.lidl.dk/p/solevita-multivitaminnektar/p10029262,solevita-multivitaminnektar,,
https://www.lidl.dk/p/solevita-frisk-multifrugtjuice/p10025429,solevita-frisk-multifrugtjuice,Solevita Frisk multifrugtjuice,20.95
https://www.lidl.dk/p/stedmoder/p10029640,stedmoder,Stedmoder,35
https://www.lidl.dk/p/them-revet-ost/p10029402,them-revet-ost,,
https://www.lidl.dk/p/lupilu-pusleunderlag/p13365,lupilu-pusleunderlag,Lupilu Pusleunderlag,"30,33"
https://www.lidl.dk/p/nero-d-avola-igp-terre-siciliane/p128628,nero-d-avola-igp-terre-siciliane,Nero d'Avola IGP Terre Siciliane,"30,33"
https://www.lidl.dk/p/chianti-docg-riserva/p24692,chianti-docg-riserva,Chianti DOCG Riserva,"30,33"
https://www.lidl.dk/p/silvercrest-koekkenartikler/p10029356,silvercrest-koekkenartikler,,
https://www.lidl.dk/p/silvercrest-drejelig-organizer/p10029364,silvercrest-drejelig-organizer,,
https://www.lidl.dk/p/oui-jolie-rose/p10015702,oui-jolie-rose,Oui Jolie Rosé,"30,33"
https://www.lidl.dk/p/vitasia-sashimilaks/p10029503,vitasia-sashimilaks,VITASIA Sashimilaks,35
https://www.lidl.dk/p/bordeaux-aop-trocken/p26937,bordeaux-aop-trocken,Bordeaux AOP trocken,"30,33"
https://www.lidl.dk/p/vitasia-kombucha/p10029499,vitasia-kombucha,VITASIA Kombucha,18
https://www.lidl.dk/p/berliner-med-skovbaerfyld/p163935,berliner-med-skovbaerfyld,Berliner med skovbærfyld,"30,33"
https://www.lidl.dk/p/alpenfest-brezel/p10029299,alpenfest-brezel,,
https://www.lidl.dk/p/frusta-med-skinke/p129124,frusta-med-skinke,Frusta med skinke,"30,33"
https://www.lidl.dk/p/parkside-automatisk-svejsehjelm/p10029340,parkside-automatisk-svejsehjelm,,
https://www.lidl.dk/p/tastino-smoercroissanter/p10029408,tastino-smoercroissanter,,
https://www.lidl.dk/p/nordthy-paaskeaeg/p10029547,nordthy-paaskeaeg,NORDTHY Påskeæg,49
https://www.lidl.dk/p/alpenfest-kartoffelpandekager/p10029283,alpenfest-kartoffelpandekager,,
https://www.lidl.dk/p/milbona-maelkesnitte-5-x-28g/p10025425,milbona-maelkesnitte-5-x-28g,Milbona Mælkesnitte 5 x 28g,10.95
https://www.lidl.dk/p/state-energidrik/p10029543,state-energidrik,STATE Energidrik,9
https://www.lidl.dk/p/parkside-overalls/p10029599,parkside-overalls,PARKSIDE® Overalls,99
https://www.lidl.dk/p/neutral-flydende-vaskemiddel/p10029478,neutral-flydende-vaskemiddel,NEUTRAL Flydende vaskemiddel,49
https://www.lidl.dk/p/spidskaal/p10029436,spidskaal,Spidskål,13
https://www.lidl.dk/p/deluxe-luksuspate/p10029482,deluxe-luksuspate,DELUXE Luksuspaté,15
https://www.lidl.dk/p/parkside-plantesortiment/p10029602,parkside-plantesortiment,PARKSIDE® Plantesortiment,10
https://www.lidl.dk/p/silvercrest-saet-med-paalaegskasser/p10029368,silvercrest-saet-med-paalaegskasser,,
https://www.lidl.dk/p/trattoria-alfredo-stenovnspizza-quattro-formaggi/p10025349,trattoria-alfredo-stenovnspizza-quattro-formaggi,Trattoria Alfredo Stenovnspizza Quattro Formaggi,33.95
https://www.lidl.dk/p/paalaegsslagteren-paalaegssalat/p10029453,paalaegsslagteren-paalaegssalat,PÅLÆGSSLAGTEREN Pålægssalat,12
https://www.lidl.dk/p/lupilu-ammeindlaeg/p130999,lupilu-ammeindlaeg,Lupilu Ammeindlæg,"30,33"
https://www.lidl.dk/p/madvaerket-frugtyoghurt-jordbaer-1-4/p10025413,madvaerket-frugtyoghurt-jordbaer-1-4,"MADVÆRKET Frugtyoghurt jordbær 1,4%",15.95
https://www.lidl.dk/p/franklin-s-fuel-premium-chardonnay/p10015664,franklin-s-fuel-premium-chardonnay,Franklin's Fuel Premium Chardonnay,"30,33"
https://www.lidl.dk/p/dulano-salami-i-skiver/p10025389,dulano-salami-i-skiver,Dulano Salami i skiver,17.95
https://www.lidl.dk/p/kernestykke/p92785,kernestykke,Kernestykke,"30,33"
https://www.lidl.dk/p/them-oekologisk-skiveost/p10029536,them-oekologisk-skiveost,THEM Økologisk skiveost,20
https://www.lidl.dk/p/parkside-krydslinjelaser-med-stativ/p10029620,parkside-krydslinjelaser-med-stativ,PARKSIDE® Krydslinjelaser med stativ,199
https://www.lidl.dk/p/livarno-multipude/p10029583,livarno-multipude,LIVARNO® Multipude,99
https://www.lidl.dk/p/havblaa-panerede-alaskasej-eller-fiskefileter/p10029451,havblaa-panerede-alaskasej-eller-fiskefileter,HAVBLÅ Panerede alaskasej- eller fiskefileter,29
https://www.lidl.dk/p/madvaerket-yoghurt/p10029306,madvaerket-yoghurt,,
https://www.lidl.dk/p/silvercrest-krydderikarrusel/p10029572,silvercrest-krydderikarrusel,SILVERCREST® Krydderikarrusel,69
https://www.lidl.dk/p/donut-med-karamelsmag/p159229,donut-med-karamelsmag,Donut med karamelsmag,"30,33"
https://www.lidl.dk/p/brunch/p10000160,brunch,Brunch,249
https://www.lidl.dk/p/esmara-finstrikket-cardigan/p10029378,esmara-finstrikket-cardigan,,
https://www.lidl.dk/p/australien-shiraz/p10015679,australien-shiraz,Australien Shiraz,"30,33"
https://www.lidl.dk/p/fratelli-felici-roedvin-bib/p10015875,fratelli-felici-roedvin-bib,Fratelli Felici rødvin BIB,"30,33"
https://www.lidl.dk/p/vitalmaxx-sportsbandage-til-knae-eller-fodled/p10029592,vitalmaxx-sportsbandage-til-knae-eller-fodled,VITALMAXX® Sportsbandage til knæ- eller fodled,40
https://www.lidl.dk/p/alpenfest-kage-med-fyld/p10029301,alpenfest-kage-med-fyld,,
https://www.lidl.dk/p/silvercrest-bevaegelsessensor/p10000145,silvercrest-bevaegelsessensor,SILVERCREST® Bevægelsessensor,"30,33"
https://www.lidl.dk/p/livarno-pastamaskine/p10029577,livarno-pastamaskine,LIVARNO® Pastamaskine,149
https://www.lidl.dk/p/silvercrest-stavblender/p10029353,silvercrest-stavblender,,
https://www.lidl.dk/p/deluxe-creme-brule/p10029489,deluxe-creme-brule,DELUXE Creme brulé,15
https://www.lidl.dk/p/deluxe-fyldte-mochi-is/p10029276,deluxe-fyldte-mochi-is,,
https://www.lidl.dk/p/nescafe-nescafe-gold/p10029462,nescafe-nescafe-gold,NESCAFE Nescafé Gold,45
https://www.lidl.dk/p/parkside-fillertraad/p10029343,parkside-fillertraad,,
https://www.lidl.dk/p/sistema-madkasse-eller-drikkedunk/p10029311,sistema-madkasse-eller-drikkedunk,,
https://www.lidl.dk/p/dentalux-boernetandpasta-sk5/p10025513,dentalux-boernetandpasta-sk5,Dentalux Børnetandpasta SK5,6.95
https://www.lidl.dk/p/crivit-loebevest/p10029591,crivit-loebevest,CRIVIT® Løbevest,99
https://www.lidl.dk/p/parkside-spirekassesaet/p10029605,parkside-spirekassesaet,PARKSIDE® Spirekassesæt,50
https://www.lidl.dk/p/alpenfest-oestrigsk-inspireret-ost/p10029291,alpenfest-oestrigsk-inspireret-ost,,
https://www.lidl.dk/p/alpenfest-griseskank/p10029284,alpenfest-griseskank,,
https://www.lidl.dk/p/secco-bianco/p58528,secco-bianco,Secco bianco,"30,33"
https://www.lidl.dk/p/vilstrupgaard-medister/p10029233,vilstrupgaard-medister,,
https://www.lidl.dk/p/parkside-sikkerhedssko/p10029601,parkside-sikkerhedssko,PARKSIDE® Sikkerhedssko,199
https://www.lidl.dk/p/vinho-verde/p10000120,vinho-verde,Vinho Verde,"30,33"
https://www.lidl.dk/p/focaccia-med-skinke-og-ost/p6502840,focaccia-med-skinke-og-ost,Focaccia med skinke og ost,"30,33"
https://www.lidl.dk/p/edding-permanent-marker/p10029321,edding-permanent-marker,,
https://www.lidl.dk/p/rose-hot-wings/p10029563,rose-hot-wings,ROSE Hot wings,"89,-"
https://www.lidl.dk/p/lupilu-saet-med-magneter/p10029323,lupilu-saet-med-magneter,,
https://www.lidl.dk/p/pinot-grigio-rose-venezie-doc/p45021,pinot-grigio-rose-venezie-doc,Pinot grigio rosé Venezie DOC,"30,33"
https://www.lidl.dk/p/livarno-lux-startersaet/p10000144,livarno-lux-startersaet,LIVARNO LUX® Startersæt,"30,33"
https://www.lidl.dk/p/haandlavede-kardemommesnurre/p6509249,haandlavede-kardemommesnurre,Håndlavede kardemommesnurre,"30,33"
https://www.lidl.dk/p/tastino-grov-flutes/p10025355,tastino-grov-flutes,Tastino Grov flutes,11.95
https://www.lidl.dk/p/danske-roedloeg/p10029658,danske-roedloeg,,
https://www.lidl.dk/p/berliner/p114732,berliner,Berliner,"30,33"
https://www.lidl.dk/p/alesto-toerrede-tranebaer-eller-mango/p10029252,alesto-toerrede-tranebaer-eller-mango,,
https://www.lidl.dk/p/deluxe-laks-i-butterdej/p10029492,deluxe-laks-i-butterdej,DELUXE Laks i butterdej,79
https://www.lidl.dk/p/proteinbolle/p79358,proteinbolle,Proteinbolle,"30,33"
https://www.lidl.dk/p/silvercrest-riskoger/p10029571,silvercrest-riskoger,SILVERCREST® Riskoger,149
https://www.lidl.dk/p/lupilu-sensitive-shampoo/p6503524,lupilu-sensitive-shampoo,Lupilu Sensitive shampoo,"30,33"
https://www.lidl.dk/p/vitasia-panerede-rejer/p10029516,vitasia-panerede-rejer,VITASIA Panerede rejer,45
